time_s,phase,mode,armed,lat,lon,alt_agl_m,airspeed,groundspeed,roll_deg,pitch_deg,yaw_deg,p_dps,q_dps,r_dps,gamma_deg,vN,vE,vD,climb_mps,throttle_pct,navroll_deg,navpitch_deg,ail_out,elev_out,rud_out,aoa_deg,ssa_deg
0.30,TAKEOFF,TAKEOFF,1,28.5597597,77.1173705,-0.07,6.78,8.08,0.07,0.02,-74.86,0.02,1.05,0.02,-0.14,2.10,-7.80,0.02,-0.02,90,0.01,6.92,1507,1322,1508,0.20,-0.03
0.51,TAKEOFF,TAKEOFF,1,28.5597636,77.1173540,-0.07,7.48,8.74,0.07,0.99,-74.87,0.02,7.06,0.02,-0.13,2.26,-8.43,0.02,-0.02,90,0.03,7.64,1505,1397,1506,1.01,-0.04
0.71,TAKEOFF,TAKEOFF,1,28.5597677,77.1173363,-0.07,8.13,9.34,0.08,2.64,-74.87,0.02,8.72,0.02,-0.12,2.42,-9.01,0.02,-0.02,90,0.04,8.32,1503,1418,1504,2.43,-0.05
0.92,TAKEOFF,TAKEOFF,1,28.5597721,77.1173175,-0.07,8.78,9.85,0.07,4.32,-74.89,-0.07,7.90,-0.16,0.52,2.55,-9.51,-0.09,0.09,90,0.05,8.96,1502,1425,1496,3.88,-0.03
1.12,TAKEOFF,TAKEOFF,1,28.5597767,77.1172978,-0.02,9.33,10.29,0.04,5.73,-74.91,-0.16,6.49,-0.06,2.06,2.66,-9.93,-0.37,0.37,90,0.07,9.52,1499,1430,1496,3.70,-0.04
1.33,TAKEOFF,TAKEOFF,1,28.5597816,77.1172770,0.10,9.76,10.65,0.02,6.99,-74.92,-0.08,6.34,0.03,3.87,2.74,-10.28,-0.72,0.72,90,0.09,10.00,1494,1439,1496,3.11,-0.06
1.53,TAKEOFF,TAKEOFF,1,28.5597866,77.1172556,0.30,10.17,10.93,0.02,8.30,-74.90,0.06,6.89,0.13,5.75,2.81,-10.56,-1.10,1.10,90,0.12,10.39,1492,1451,1496,2.29,-0.11
1.74,TAKEOFF,TAKEOFF,1,28.5597917,77.1172337,0.57,10.50,11.13,0.05,9.75,-74.87,0.18,7.49,0.15,7.68,2.86,-10.75,-1.50,1.50,90,0.14,10.70,1492,1465,1496,1.79,-0.15
1.94,TAKEOFF,TAKEOFF,1,28.5597969,77.1172115,0.92,10.74,11.25,0.09,11.28,-74.84,0.21,7.79,0.12,9.55,2.89,-10.86,-1.89,1.89,90,0.15,10.92,1495,1480,1498,1.35,-0.17
2.15,TAKEOFF,TAKEOFF,1,28.5598021,77.1171894,1.35,10.92,11.27,0.13,12.84,-74.83,0.14,7.76,-0.00,11.44,2.90,-10.89,-2.28,2.28,90,0.15,11.07,1498,1496,1498,0.86,-0.17
2.35,TAKEOFF,TAKEOFF,1,28.5598072,77.1171675,1.85,10.99,11.22,0.15,14.37,-74.83,0.00,7.52,-0.08,13.29,2.89,-10.84,-2.65,2.65,90,0.14,11.14,1500,1512,1498,0.51,-0.14
2.56,TAKEOFF,TAKEOFF,1,28.5598123,77.1171458,2.42,11.10,11.11,0.13,15.83,-74.85,-0.09,7.07,-0.09,15.02,2.86,-10.73,-2.98,2.98,90,0.13,11.14,1500,1530,1498,0.17,-0.12
2.76,TAKEOFF,TAKEOFF,1,28.5598173,77.1171244,3.05,11.05,10.95,0.10,17.18,-74.86,-0.11,6.43,-0.06,16.64,2.82,-10.57,-3.27,3.27,90,0.14,11.08,1498,1549,1497,-0.24,-0.10
2.97,TAKEOFF,TAKEOFF,1,28.5598223,77.1171032,3.73,11.03,10.76,0.09,18.39,-74.86,-0.06,5.66,0.02,18.13,2.77,-10.39,-3.52,3.52,90,0.14,10.96,1496,1569,1497,-0.53,-0.11
3.17,TAKEOFF,TAKEOFF,1,28.5598271,77.1170825,4.46,10.91,10.54,0.08,19.43,-74.84,0.01,4.76,0.07,19.45,2.71,-10.18,-3.72,3.72,90,0.16,10.80,1495,1589,1496,-0.83,-0.13
3.38,TAKEOFF,TAKEOFF,1,28.5598343,77.1170518,5.62,10.76,10.21,0.11,20.58,-74.81,0.10,2.96,0.06,20.97,2.62,-9.86,-3.91,3.91,90,0.17,10.41,1495,1619,1497,-1.30,-0.16
3.58,TAKEOFF,TAKEOFF,1,28.5598390,77.1170318,6.42,10.66,10.00,0.14,21.03,-74.80,0.08,1.68,0.02,21.66,2.57,-9.66,-3.97,3.97,90,0.16,10.20,1497,1638,1498,-1.64,-0.16
3.79,TAKEOFF,TAKEOFF,1,28.5598436,77.1170121,7.22,10.48,9.81,0.14,21.22,-74.81,0.02,0.47,-0.06,22.03,2.52,-9.48,-3.97,3.97,90,0.16,10.00,1498,1654,1497,-1.85,-0.15
3.99,TAKEOFF,TAKEOFF,1,28.5598481,77.1169929,8.01,10.33,9.65,0.13,21.18,-74.82,-0.05,-0.70,-0.06,22.17,2.48,-9.32,-3.93,3.93,90,0.16,9.81,1498,1670,1497,-2.04,-0.14
4.20,TAKEOFF,TAKEOFF,1,28.5598525,77.1169740,8.80,10.18,9.50,0.12,20.92,-74.83,-0.05,-1.79,-0.02,22.06,2.44,-9.18,-3.85,3.85,90,0.16,9.65,1497,1684,1496,-2.20,-0.13
4.40,TAKEOFF,TAKEOFF,1,28.5598569,77.1169555,9.56,10.02,9.39,0.11,20.45,-74.83,-0.03,-2.77,0.01,21.73,2.41,-9.07,-3.74,3.74,90,0.16,9.51,1496,1695,1496,-2.28,-0.13
4.61,TAKEOFF,TAKEOFF,1,28.5598612,77.1169371,10.29,9.85,9.31,0.08,19.81,-74.86,-0.20,-3.58,-0.66,21.10,2.40,-8.99,-3.59,3.59,90,-1.20,9.41,1576,1704,1560,-2.33,-0.10
4.81,TAKEOFF,TAKEOFF,1,28.5598655,77.1169189,11.00,9.73,9.26,-0.30,19.01,-75.34,-2.25,-4.26,-3.68,20.33,2.41,-8.94,-3.43,3.43,90,-2.97,9.34,1691,1710,1595,-2.30,0.54
5.02,TAKEOFF,TAKEOFF,1,28.5598698,77.1169006,11.67,9.61,9.25,-1.51,18.08,-76.42,-6.11,-4.76,-6.20,19.43,2.39,-8.93,-3.26,3.26,90,-4.83,9.31,1765,1714,1599,-2.24,1.45
5.22,TAKEOFF,TAKEOFF,1,28.5598740,77.1168824,12.30,9.54,9.28,-3.51,17.04,-77.73,-9.13,-5.03,-5.92,18.38,2.29,-8.98,-3.08,3.08,90,-5.00,9.30,1667,1713,1505,-2.15,2.18
5.43,TAKEOFF,TAKEOFF,1,28.5598779,77.1168637,12.91,9.60,9.34,-5.49,15.95,-78.41,-7.92,-5.16,-1.79,17.25,2.09,-9.10,-2.90,2.90,90,-5.00,9.33,1510,1710,1462,-2.00,1.65
5.63,TAKEOFF,TAKEOFF,1,28.5598815,77.1168447,13.47,9.56,9.45,-6.53,14.93,-78.20,-3.20,-5.11,1.74,16.06,1.88,-9.26,-2.72,2.72,90,-5.00,9.40,1404,1704,1453,-1.93,0.17
5.83,TAKEOFF,TAKEOFF,1,28.5598848,77.1168253,13.99,9.54,9.59,-6.47,13.99,-77.54,1.38,-4.83,2.79,14.90,1.71,-9.43,-2.55,2.55,90,-5.00,9.50,1381,1699,1459,-1.88,-1.56
6.04,TAKEOFF,TAKEOFF,1,28.5598878,77.1168056,14.49,9.66,9.76,-5.79,13.10,-76.95,3.40,-4.51,1.60,13.82,1.61,-9.62,-2.40,2.40,90,-5.00,9.63,1420,1694,1465,-1.76,-3.30
6.25,TAKEOFF,TAKEOFF,1,28.5598906,77.1167855,14.95,9.71,9.93,-5.11,12.24,-76.76,2.64,-4.15,-0.44,12.94,1.57,-9.80,-2.28,2.28,90,-5.00,9.78,1475,1687,1463,-1.66,-3.87
6.45,TAKEOFF,TAKEOFF,1,28.5598935,77.1167652,15.39,9.84,10.10,-4.86,11.44,-76.97,0.53,-3.68,-1.97,12.13,1.55,-9.98,-2.17,2.17,90,-5.00,9.95,1504,1680,1452,-1.61,-3.92
6.65,TAKEOFF,TAKEOFF,1,28.5598962,77.1167447,15.82,10.05,10.29,-5.05,10.74,-77.39,-1.27,-3.10,-2.38,11.49,1.52,-10.17,-2.09,2.09,90,-5.00,10.13,1500,1672,1438,-1.58,-3.74
6.86,TAKEOFF,TAKEOFF,1,28.5598989,77.1167237,16.22,10.21,10.48,-5.45,10.15,-77.77,-1.84,-2.44,-1.87,10.91,1.48,-10.37,-2.02,2.02,90,-5.00,10.31,1474,1665,1427,-1.57,-3.66
7.06,TAKEOFF,TAKEOFF,1,28.5599015,77.1167024,16.62,10.39,10.67,-5.82,9.71,-78.02,-1.26,-1.81,-1.07,10.47,1.42,-10.57,-1.97,1.97,90,-5.00,10.50,1446,1659,1420,-1.58,-3.78
7.27,TAKEOFF,TAKEOFF,1,28.5599040,77.1166806,17.01,10.44,10.86,-5.97,9.40,-78.13,-0.22,-1.22,-0.52,10.13,1.35,-10.77,-1.94,1.94,90,-5.00,10.70,1429,1654,1417,-1.60,-4.15
7.47,TAKEOFF,TAKEOFF,1,28.5599064,77.1166582,17.39,10.67,11.04,-5.94,9.20,-78.20,0.56,-0.67,-0.49,9.97,1.29,-10.96,-1.94,1.94,90,-5.00,10.89,1428,1650,1417,-1.62,-4.40
7.67,TAKEOFF,TAKEOFF,1,28.5599087,77.1166354,17.78,10.85,11.22,-5.82,9.10,-78.32,0.75,-0.18,-0.85,9.91,1.25,-11.15,-1.96,1.96,90,-5.00,11.07,1436,1647,1416,-1.65,-4.56
7.88,TAKEOFF,TAKEOFF,1,28.5599120,77.1166003,18.38,11.07,11.47,-5.72,9.09,-78.66,0.24,0.46,-1.43,10.00,1.18,-11.40,-2.02,2.02,90,-5.00,11.24,1445,1643,1414,-1.74,-4.64
8.08,TAKEOFF,TAKEOFF,1,28.5599141,77.1165766,18.79,11.23,11.61,-5.77,9.19,-78.97,-0.12,0.84,-1.56,10.21,1.14,-11.55,-2.09,2.09,90,-5.00,11.40,1444,1641,1412,-1.83,-4.52
8.65,TAKEOFF,TAKEOFF,1,28.5599141,77.1165766,18.79,11.23,11.61,-5.77,9.19,-78.97,-0.12,0.84,-1.56,10.21,1.14,-11.55,-2.09,2.09,90,-5.00,11.40,1444,1641,1412,-1.83,-4.52
8.85,TAKEOFF,TAKEOFF,1,28.5599161,77.1165528,19.22,11.43,11.73,-5.87,9.36,-79.30,-0.22,1.18,-1.50,10.44,1.08,-11.67,-2.16,2.16,90,-5.00,11.54,1439,1640,1409,-1.89,-4.45
9.06,TAKEOFF,TAKEOFF,1,28.5599180,77.1165288,19.66,11.52,11.83,-5.96,9.60,-79.62,-0.11,1.43,-1.36,10.73,1.01,-11.78,-2.24,2.24,90,-5.00,11.67,1433,1640,1407,-1.95,-4.45
9.26,TAKEOFF,TAKEOFF,1,28.5599197,77.1165047,20.12,11.59,11.90,-6.01,9.88,-79.93,0.10,1.62,-1.28,11.08,0.94,-11.86,-2.33,2.33,90,-5.00,11.78,1429,1640,1405,-2.03,-4.44
9.47,TAKEOFF,TAKEOFF,1,28.5599213,77.1164805,20.60,11.69,11.96,-6.03,10.20,-80.23,0.22,1.75,-1.32,11.45,0.87,-11.92,-2.42,2.42,90,-5.03,11.87,1430,1640,1405,-2.10,-4.44
9.67,TAKEOFF,TAKEOFF,1,28.5599227,77.1164562,21.09,11.84,11.99,-6.05,10.53,-80.56,0.19,1.83,-1.46,11.87,0.80,-11.96,-2.52,2.52,90,-5.28,11.94,1441,1641,1414,-2.17,-4.45
9.88,TAKEOFF,TAKEOFF,1,28.5599241,77.1164318,21.61,11.87,12.02,-6.12,10.86,-80.95,-0.14,1.87,-1.91,12.26,0.72,-11.99,-2.61,2.61,90,-5.45,11.99,1451,1643,1416,-2.25,-4.34
10.08,TAKEOFF,TAKEOFF,1,28.5599258,77.1163949,22.41,11.96,12.03,-6.41,11.35,-81.65,-0.71,1.87,-2.08,12.84,0.59,-12.01,-2.74,2.74,90,-5.77,11.99,1454,1646,1416,-2.37,-4.17
10.29,TAKEOFF,TAKEOFF,1,28.5599268,77.1163701,22.96,12.00,12.04,-6.67,11.65,-82.12,-0.80,1.83,-2.01,13.19,0.49,-12.02,-2.82,2.82,90,-5.96,11.99,1450,1647,1415,-2.44,-4.14
10.49,TAKEOFF,TAKEOFF,1,28.5599275,77.1163452,23.54,12.04,12.04,-6.93,11.94,-82.57,-0.76,1.77,-2.03,13.51,0.38,-12.02,-2.89,2.89,90,-6.10,11.99,1446,1649,1410,-2.50,-4.14
10.70,TAKEOFF,TAKEOFF,1,28.5599281,77.1163203,24.12,12.10,12.02,-7.17,12.22,-83.01,-0.65,1.69,-1.90,13.79,0.27,-12.02,-2.95,2.95,90,-6.39,11.99,1445,1652,1412,-2.57,-4.20
10.90,TAKEOFF,TAKEOFF,1,28.5599284,77.1162956,24.72,12.10,12.00,-7.39,12.49,-83.46,-0.57,1.58,-1.99,14.09,0.15,-11.99,-3.01,3.01,90,-6.64,11.99,1446,1654,1412,-2.61,-4.29
11.11,TAKEOFF,TAKEOFF,1,28.5599285,77.1162711,25.33,12.01,11.96,-7.62,12.74,-83.93,-0.62,1.46,-2.12,14.31,0.02,-11.96,-3.05,3.05,90,-6.85,11.99,1445,1656,1408,-2.65,-4.36
11.31,TAKEOFF,TAKEOFF,1,28.5599284,77.1162468,25.95,11.98,11.91,-7.87,12.96,-84.42,-0.73,1.33,-2.29,14.54,-0.10,-11.91,-3.09,3.09,90,-7.05,11.99,1443,1658,1404,-2.68,-4.44
11.52,TAKEOFF,TAKEOFF,1,28.5599281,77.1162226,26.58,11.93,11.86,-8.15,13.15,-84.94,-0.86,1.18,-2.46,14.74,-0.23,-11.86,-3.12,3.12,90,-7.22,11.99,1437,1660,1395,-2.72,-4.52
11.72,TAKEOFF,TAKEOFF,1,28.5599276,77.1161985,27.21,11.95,11.81,-8.47,13.30,-85.51,-1.00,1.04,-2.87,14.85,-0.36,-11.80,-3.13,3.13,90,-7.41,11.99,1428,1662,1378,-2.75,-4.55
11.93,TAKEOFF,TAKEOFF,1,28.5599268,77.1161745,27.84,11.90,11.76,-8.89,13.39,-86.24,-1.48,0.92,-4.04,14.96,-0.48,-11.74,-3.14,3.14,90,-7.63,11.99,1416,1664,1345,-2.77,-4.36
12.13,TAKEOFF,TAKEOFF,1,28.5599258,77.1161505,28.46,11.82,11.70,-9.57,13.38,-87.34,-2.80,0.85,-6.46,15.03,-0.57,-11.68,-3.14,3.14,90,-7.86,11.98,1392,1665,1277,-2.79,-3.79
12.34,TAKEOFF,TAKEOFF,1,28.5599247,77.1161264,29.09,11.72,11.63,-10.82,13.22,-89.14,-5.41,0.87,-10.95,15.11,-0.60,-11.61,-3.14,3.14,90,-8.12,11.97,1337,1664,1139,-2.79,-2.49
12.54,TAKEOFF,TAKEOFF,1,28.5599236,77.1161025,29.71,11.67,11.52,-13.09,12.75,-92.26,-9.74,1.11,-18.63,15.21,-0.59,-11.50,-3.13,3.13,90,-8.42,11.92,1225,1660,1100,-2.71,1.18
12.75,TAKEOFF,TAKEOFF,1,28.5599223,77.1160789,30.33,11.55,11.44,-16.04,12.01,-96.21,-10.18,1.52,-19.23,15.03,-0.85,-11.40,-3.07,3.07,90,-8.56,11.79,1100,1653,1100,-2.54,3.83
12.95,TAKEOFF,TAKEOFF,1,28.5599203,77.1160555,30.94,11.49,11.37,-18.48,11.30,-99.69,-7.57,1.89,-15.53,14.64,-1.32,-11.29,-2.97,2.97,90,-8.92,11.66,1100,1644,1100,-2.38,5.12
13.16,TAKEOFF,TAKEOFF,1,28.5599174,77.1160326,31.53,11.38,11.33,-20.24,10.82,-102.38,-5.10,2.29,-11.71,14.13,-1.89,-11.16,-2.85,2.85,90,-9.10,11.55,1100,1637,1100,-2.24,5.01
13.36,TAKEOFF,TAKEOFF,1,28.5599134,77.1160100,32.09,11.35,11.30,-21.43,10.56,-104.55,-3.05,2.69,-9.92,13.53,-2.46,-11.03,-2.72,2.72,90,-9.21,11.46,1100,1631,1100,-2.19,4.17
13.56,TAKEOFF,TAKEOFF,1,28.5599084,77.1159877,32.62,11.36,11.30,-22.31,10.35,-106.66,-2.08,3.09,-10.42,13.01,-3.03,-10.88,-2.61,2.61,90,-9.49,11.41,1100,1626,1100,-2.15,3.26
13.77,TAKEOFF,TAKEOFF,1,28.5599024,77.1159657,33.13,11.31,11.31,-23.16,10.09,-109.05,-2.23,3.48,-12.28,12.52,-3.58,-10.72,-2.51,2.51,90,-9.66,11.34,1100,1620,1100,-2.11,2.44
13.98,TAKEOFF,TAKEOFF,1,28.5598954,77.1159440,33.62,11.25,11.34,-24.18,9.69,-111.85,-3.09,3.98,-14.39,12.01,-4.14,-10.55,-2.41,2.41,90,-9.93,11.27,1100,1612,1100,-2.07,2.17
14.18,TAKEOFF,TAKEOFF,1,28.5598829,77.1159121,34.32,11.24,11.41,-26.16,8.91,-116.74,-4.60,5.00,-16.60,11.16,-5.06,-10.22,-2.25,2.25,90,-10.10,11.08,1100,1599,1100,-2.01,2.06
14.39,TAKEOFF,TAKEOFF,1,28.5598731,77.1158913,34.76,11.23,11.49,-27.71,8.32,-120.30,-5.32,5.79,-17.38,10.55,-5.74,-9.95,-2.14,2.14,90,-10.39,10.93,1100,1589,1100,-1.98,2.00
14.59,TAKEOFF,TAKEOFF,1,28.5598619,77.1158711,35.18,11.35,11.60,-29.37,7.72,-124.01,-5.77,6.66,-17.93,9.93,-6.45,-9.63,-2.03,2.03,90,-10.54,10.75,1100,1579,1100,-1.99,1.77
14.80,TAKEOFF,TAKEOFF,1,28.5598495,77.1158516,35.57,11.43,11.72,-31.08,7.11,-127.89,-6.10,7.60,-18.52,9.22,-7.20,-9.23,-1.90,1.90,90,-10.70,10.54,1100,1570,1100,-2.02,1.52
15.00,TAKEOFF,TAKEOFF,1,28.5598356,77.1158330,35.94,11.42,11.85,-32.84,6.47,-131.98,-6.43,8.53,-19.29,8.49,-7.97,-8.77,-1.77,1.77,90,-10.78,10.30,1100,1560,1100,-2.06,1.25
15.20,TAKEOFF,TAKEOFF,1,28.5598206,77.1158156,36.28,11.51,11.99,-34.63,5.79,-136.32,-6.82,9.57,-20.22,7.74,-8.74,-8.21,-1.63,1.63,90,-10.89,10.05,1100,1550,1100,-2.13,0.94
15.41,TAKEOFF,TAKEOFF,1,28.5598042,77.1157996,36.59,11.60,12.14,-36.47,5.03,-140.94,-7.28,10.68,-21.22,6.95,-9.50,-7.55,-1.48,1.48,90,-11.08,9.79,1100,1540,1100,-2.18,0.77
15.61,TAKEOFF,TAKEOFF,1,28.5597866,77.1157851,36.86,11.75,12.31,-38.37,4.19,-145.82,-7.77,11.85,-22.18,6.08,-10.26,-6.78,-1.31,1.31,90,-11.18,9.49,1100,1531,1100,-2.25,0.65
15.82,TAKEOFF,TAKEOFF,1,28.5597676,77.1157722,37.10,11.93,12.49,-40.30,3.26,-150.95,-8.23,13.02,-23.03,5.17,-11.00,-5.90,-1.13,1.13,90,-11.35,9.19,1100,1520,1100,-2.36,0.53
16.02,TAKEOFF,TAKEOFF,1,28.5597473,77.1157613,37.30,12.05,12.69,-42.24,2.23,-156.32,-8.63,14.31,-23.75,4.15,-11.70,-4.91,-0.92,0.92,90,-11.37,8.84,1100,1511,1100,-2.46,0.47
16.23,TAKEOFF,TAKEOFF,1,28.5597258,77.1157526,37.46,12.23,12.91,-44.17,1.12,-161.92,-8.96,15.58,-24.35,3.06,-12.34,-3.78,-0.69,0.69,90,-11.56,8.51,1100,1502,1100,-2.57,0.42
16.43,TAKEOFF,TAKEOFF,1,28.5597029,77.1157462,37.57,12.42,13.17,-46.06,-0.07,-167.74,-9.21,16.88,-24.83,1.92,-12.91,-2.54,-0.44,0.44,90,-11.56,8.15,1100,1494,1100,-2.73,0.37
16.64,TAKEOFF,TAKEOFF,1,28.5596791,77.1157424,37.63,12.68,13.44,-47.88,-1.34,-173.73,-9.40,18.16,-25.19,0.68,-13.39,-1.17,-0.16,0.16,90,-11.65,7.81,1100,1486,1100,-2.87,0.35
16.84,TAKEOFF,TAKEOFF,1,28.5596545,77.1157417,37.64,12.92,13.74,-49.57,-2.67,-179.92,-9.52,19.33,-25.42,-0.50,-13.73,0.30,0.12,-0.12,90,-7.48,6.60,1100,1482,1100,-3.00,0.37
17.05,TAKEOFF,TAKEOFF,1,28.5596295,77.1157439,37.57,13.17,14.05,-51.12,-4.06,173.73,-9.56,20.30,-25.48,-1.80,-13.91,1.88,0.44,-0.44,90,-2.70,5.28,1100,1478,1100,-3.17,0.45
17.25,TAKEOFF,TAKEOFF,1,28.5596046,77.1157496,37.45,13.47,14.35,-52.48,-5.49,167.23,-9.52,21.22,-25.38,-3.07,-13.90,3.53,0.77,-0.77,90,1.98,4.05,1100,1475,1100,-3.29,0.58
17.46,TAKEOFF,TAKEOFF,1,28.5595800,77.1157586,37.26,13.74,14.65,-53.62,-6.90,160.60,-9.39,22.15,-25.10,-4.34,-13.68,5.22,1.11,-1.11,90,6.47,2.98,1100,1472,1100,-3.37,0.75
17.66,TAKEOFF,TAKEOFF,1,28.5595562,77.1157710,37.01,14.05,14.96,-54.56,-8.27,153.87,-9.17,23.05,-24.69,-5.54,-13.25,6.93,1.45,-1.45,90,10.71,2.10,1100,1470,1100,-3.44,0.98
17.87,TAKEOFF,TAKEOFF,1,28.5595333,77.1157869,36.69,14.36,15.27,-55.29,-9.55,147.06,-8.87,23.97,-24.15,-6.69,-12.60,8.62,1.79,-1.79,90,11.24,1.90,1100,1466,1100,-3.47,1.16
18.07,TAKEOFF,TAKEOFF,1,28.5595118,77.1158061,36.31,14.75,15.58,-55.79,-10.69,140.16,-8.51,24.90,-23.51,-7.68,-11.71,10.26,2.10,-2.10,90,11.13,1.84,1100,1462,1100,-3.47,1.33
18.27,TAKEOFF,TAKEOFF,1,28.5594920,77.1158287,35.87,15.12,15.90,-56.08,-11.68,133.18,-8.09,25.69,-22.82,-8.56,-10.60,11.83,2.39,-2.39,90,10.98,1.82,1100,1459,1100,-3.43,1.54
18.48,TAKEOFF,TAKEOFF,1,28.5594664,77.1158684,35.11,15.65,16.37,-56.14,-12.82,122.60,-7.43,26.70,-21.71,-9.57,-8.52,13.97,2.76,-2.76,90,10.62,1.86,1100,1456,1100,-3.36,1.77
18.68,TAKEOFF,TAKEOFF,1,28.5594526,77.1158985,34.54,16.02,16.70,-56.00,-13.34,115.54,-6.98,27.23,-20.96,-10.02,-6.88,15.21,2.95,-2.95,90,10.41,1.92,1100,1453,1100,-3.32,1.86
18.89,TAKEOFF,TAKEOFF,1,28.5594419,77.1159310,33.93,16.33,17.02,-55.71,-13.66,108.48,-6.54,27.70,-20.24,-10.29,-5.07,16.24,3.09,-3.09,90,10.15,2.00,1100,1451,1100,-3.26,1.94
19.09,TAKEOFF,TAKEOFF,1,28.5594346,77.1159652,33.30,16.66,17.31,-55.30,-13.77,101.40,-6.11,28.09,-19.56,-10.34,-3.11,17.03,3.16,-3.16,90,9.96,2.10,1102,1449,1100,-3.15,2.07
19.30,TAKEOFF,TAKEOFF,1,28.5594310,77.1160004,32.68,16.97,17.58,-54.78,-13.66,94.31,-5.83,28.43,-18.92,-10.20,-1.04,17.54,3.16,-3.16,90,9.79,2.21,1108,1448,1100,-3.02,2.20
19.50,TAKEOFF,TAKEOFF,1,28.5594311,77.1160363,32.07,17.20,17.81,-54.26,-13.35,87.24,-5.74,28.65,-18.29,-9.82,1.08,17.77,3.08,-3.08,90,9.54,2.34,1114,1447,1100,-2.89,2.33
19.71,TAKEOFF,TAKEOFF,1,28.5594351,77.1160723,31.49,17.40,18.01,-53.79,-12.86,80.25,-5.69,28.82,-17.74,-9.31,3.24,17.71,2.95,-2.95,90,9.37,2.44,1119,1446,1100,-2.72,2.48
19.91,TAKEOFF,TAKEOFF,1,28.5594427,77.1161078,30.94,17.60,18.18,-53.40,-12.23,73.32,-5.65,28.96,-17.30,-8.64,5.38,17.36,2.76,-2.76,90,9.20,2.54,1122,1446,1100,-2.61,2.57
20.12,TAKEOFF,TAKEOFF,1,28.5594543,77.1161425,30.43,17.76,18.32,-53.10,-11.49,66.46,-5.61,28.99,-16.99,-7.86,7.46,16.73,2.53,-2.53,90,8.98,2.63,1125,1446,1100,-2.53,2.64
20.32,TAKEOFF,TAKEOFF,1,28.5594694,77.1161756,29.96,17.92,18.43,-52.91,-10.68,59.65,-5.60,29.02,-16.77,-7.06,9.43,15.82,2.28,-2.28,90,8.83,2.69,1127,1446,1100,-2.42,2.73
20.52,TAKEOFF,TAKEOFF,1,28.5594881,77.1162068,29.55,17.99,18.51,-52.82,-9.83,52.87,-5.62,29.03,-16.63,-6.17,11.29,14.66,2.00,-2.00,90,8.64,2.73,1130,1446,1100,-2.36,2.78
20.73,TAKEOFF,TAKEOFF,1,28.5595102,77.1162355,29.18,18.12,18.57,-52.88,-8.97,46.17,-5.67,28.96,-16.56,-5.32,12.98,13.27,1.73,-1.73,90,8.48,2.75,1131,1447,1100,-2.32,2.79
20.93,TAKEOFF,TAKEOFF,1,28.5595351,77.1162613,28.86,18.17,18.60,-53.04,-8.14,39.50,-5.70,28.96,-16.58,-4.52,14.48,11.67,1.47,-1.47,90,5.73,3.22,1131,1447,1100,-2.29,2.78
21.14,TAKEOFF,TAKEOFF,1,28.5595625,77.1162835,28.59,18.13,18.60,-53.30,-7.33,32.81,-5.76,29.08,-16.68,-3.72,15.75,9.89,1.21,-1.21,90,-0.47,4.38,1132,1445,1100,-2.24,2.78
21.34,TAKEOFF,TAKEOFF,1,28.5595919,77.1163018,28.38,18.11,18.57,-53.65,-6.55,26.07,-5.83,29.30,-16.84,-2.96,16.78,7.94,0.96,-0.96,90,-7.19,5.69,1131,1443,1100,-2.17,2.79
21.55,TAKEOFF,TAKEOFF,1,28.5596226,77.1163160,28.23,18.05,18.49,-54.07,-5.81,19.26,-5.87,29.36,-17.07,-2.26,17.53,5.88,0.73,-0.73,90,-8.15,5.80,1129,1443,1100,-2.03,2.85
21.75,TAKEOFF,TAKEOFF,1,28.5596543,77.1163258,28.12,18.02,18.39,-54.57,-5.16,12.42,-5.92,29.34,-17.35,-1.59,18.01,3.72,0.51,-0.51,90,-8.16,5.70,1127,1443,1100,-1.96,2.91
21.95,TAKEOFF,TAKEOFF,1,28.5596865,77.1163311,28.05,17.94,18.28,-55.17,-4.63,5.56,-5.97,29.31,-17.67,-1.07,18.21,1.52,0.34,-0.34,90,-8.16,5.58,1124,1444,1100,-1.91,2.95
22.16,TAKEOFF,TAKEOFF,1,28.5597189,77.1163320,28.02,17.85,18.16,-55.82,-4.25,-1.32,-6.03,29.27,-18.03,-0.66,18.14,-0.69,0.21,-0.21,90,-8.06,5.42,1122,1444,1100,-1.88,3.00
22.36,TAKEOFF,TAKEOFF,1,28.5597510,77.1163284,28.00,17.73,18.05,-56.53,-4.01,-8.24,-6.09,29.33,-18.40,-0.41,17.81,-2.88,0.13,-0.13,90,-7.97,5.25,1119,1444,1100,-1.87,3.02
22.56,TAKEOFF,TAKEOFF,1,28.5597826,77.1163204,27.98,17.60,17.95,-57.28,-3.92,-15.23,-6.13,29.45,-18.78,-0.35,17.22,-5.03,0.11,-0.11,90,-8.08,5.12,1115,1443,1100,-1.84,3.05
22.77,TAKEOFF,TAKEOFF,1,28.5598130,77.1163079,27.96,17.52,17.88,-58.03,-3.98,-22.24,-6.15,29.55,-19.17,-0.45,16.40,-7.11,0.14,-0.14,90,-8.00,4.95,1112,1443,1100,-1.89,3.00
22.97,TAKEOFF,TAKEOFF,1,28.5598417,77.1162912,27.92,17.43,17.82,-58.77,-4.19,-29.32,-6.17,29.69,-19.54,-0.68,15.33,-9.08,0.21,-0.21,90,-8.08,4.81,1108,1442,1100,-1.92,2.98
23.18,TAKEOFF,TAKEOFF,1,28.5598684,77.1162706,27.86,17.34,17.78,-59.47,-4.54,-36.46,-6.17,29.84,-19.87,-1.03,14.03,-10.91,0.32,-0.32,90,-8.01,4.65,1105,1441,1100,-1.94,2.96
23.38,TAKEOFF,TAKEOFF,1,28.5599032,77.1162333,27.74,17.29,17.74,-60.39,-5.25,-47.31,-6.15,30.14,-20.29,-1.74,11.68,-13.34,0.54,-0.54,90,-7.99,4.46,1100,1439,1100,-1.95,2.96
23.59,TAKEOFF,TAKEOFF,1,28.5599225,77.1162048,27.62,17.27,17.72,-60.90,-5.83,-54.64,-6.16,30.35,-20.50,-2.33,9.87,-14.71,0.72,-0.72,90,-7.87,4.34,1100,1438,1100,-1.93,2.99
23.79,TAKEOFF,TAKEOFF,1,28.5599384,77.1161739,27.46,17.21,17.71,-61.34,-6.47,-62.02,-6.23,30.60,-20.61,-2.94,7.90,-15.85,0.91,-0.91,90,-7.79,4.23,1100,1437,1100,-1.92,3.00
24.00,TAKEOFF,TAKEOFF,1,28.5599506,77.1161409,27.26,17.25,17.72,-61.70,-7.16,-69.44,-6.26,30.82,-20.66,-3.65,5.78,-16.74,1.13,-1.13,90,-7.81,4.16,1100,1435,1100,-1.92,3.02
24.20,TAKEOFF,TAKEOFF,1,28.5599590,77.1161062,27.01,17.27,17.75,-61.97,-7.87,-76.92,-6.27,31.10,-20.65,-4.32,3.56,-17.38,1.34,-1.34,90,-7.68,4.08,1100,1433,1100,-1.93,3.02
24.41,TAKEOFF,TAKEOFF,1,28.5599633,77.1160706,26.72,17.36,17.80,-62.14,-8.57,-84.45,-6.24,31.35,-20.58,-5.01,1.26,-17.75,1.56,-1.56,90,-7.55,4.03,1100,1432,1100,-1.94,3.02
24.61,TAKEOFF,TAKEOFF,1,28.5599635,77.1160342,26.38,17.41,17.86,-62.20,-9.26,-92.05,-6.18,31.58,-20.46,-5.69,-1.08,-17.82,1.78,-1.78,90,-7.45,3.99,1100,1430,1100,-1.96,3.02
24.82,TAKEOFF,TAKEOFF,1,28.5599595,77.1159979,25.99,17.47,17.95,-62.16,-9.91,-99.66,-6.09,31.82,-20.28,-6.33,-3.44,-17.61,1.99,-1.99,90,-7.27,3.96,1100,1429,1100,-2.00,3.00
25.02,TAKEOFF,TAKEOFF,1,28.5599512,77.1159621,25.56,17.59,18.05,-62.02,-10.50,-107.31,-5.97,32.04,-20.06,-6.89,-5.78,-17.09,2.18,-2.18,90,-7.22,3.98,1101,1427,1100,-2.03,2.97
25.22,TAKEOFF,TAKEOFF,1,28.5599386,77.1159277,25.10,17.70,18.17,-61.77,-11.00,-114.99,-5.86,32.24,-19.79,-7.37,-8.05,-16.28,2.35,-2.35,90,-7.04,4.00,1101,1426,1100,-2.06,2.96
25.43,TAKEOFF,TAKEOFF,1,28.5599221,77.1158952,24.61,17.81,18.28,-61.44,-11.38,-122.69,-5.74,32.44,-19.50,-7.76,-10.21,-15.16,2.49,-2.49,90,-6.89,4.03,1102,1424,1100,-2.09,2.94
25.63,TAKEOFF,TAKEOFF,1,28.5599021,77.1158657,24.10,17.89,18.39,-61.02,-11.64,-130.41,-5.59,32.58,-19.20,-7.99,-12.20,-13.75,2.58,-2.58,90,-6.66,4.07,1103,1423,1100,-2.09,2.94
25.84,TAKEOFF,TAKEOFF,1,28.5598787,77.1158394,23.58,18.05,18.48,-60.55,-11.75,-138.14,-5.47,32.70,-18.90,-8.10,-13.98,-12.07,2.63,-2.63,90,-6.43,4.12,1103,1422,1100,-2.08,2.94
26.04,TAKEOFF,TAKEOFF,1,28.5598524,77.1158168,23.06,18.16,18.57,-60.04,-11.75,-145.85,-5.33,32.79,-18.61,-8.07,-15.53,-10.16,2.63,-2.63,90,-6.25,4.18,1104,1421,1100,-2.08,2.94
26.25,TAKEOFF,TAKEOFF,1,28.5598236,77.1157983,22.54,18.22,18.65,-59.53,-11.62,-153.55,-5.22,32.84,-18.33,-7.94,-16.81,-8.05,2.60,-2.60,90,-6.14,4.26,1106,1420,1100,-2.09,2.93
26.45,TAKEOFF,TAKEOFF,1,28.5597928,77.1157843,22.03,18.31,18.71,-59.03,-11.38,-161.21,-5.13,32.89,-18.08,-7.67,-17.79,-5.79,2.52,-2.52,90,-5.92,4.32,1106,1419,1100,-2.10,2.92
26.66,TAKEOFF,TAKEOFF,1,28.5597604,77.1157749,21.54,18.36,18.77,-58.55,-11.03,-168.84,-5.02,32.79,-17.87,-7.32,-18.45,-3.40,2.41,-2.41,90,0.54,3.16,1106,1421,1100,-2.13,2.91
26.86,TAKEOFF,TAKEOFF,1,28.5597267,77.1157705,21.07,18.42,18.83,-58.13,-10.63,-176.43,-4.91,32.58,-17.70,-6.91,-18.80,-0.94,2.28,-2.28,90,5.57,2.35,1106,1422,1100,-2.19,2.88
27.06,TAKEOFF,TAKEOFF,1,28.5596927,77.1157712,20.63,18.48,18.88,-57.76,-10.17,176.07,-4.84,32.46,-17.57,-6.44,-18.81,1.51,2.13,-2.13,90,5.38,2.45,1106,1422,1100,-2.26,2.86
27.27,TAKEOFF,TAKEOFF,1,28.5596589,77.1157767,20.21,18.51,18.91,-57.44,-9.66,168.60,-4.77,32.41,-17.48,-5.95,-18.49,3.94,1.97,-1.97,90,5.21,2.53,1106,1422,1100,-2.32,2.82
27.47,TAKEOFF,TAKEOFF,1,28.5596260,77.1157873,19.84,18.48,18.92,-57.18,-9.11,161.17,-4.73,32.35,-17.42,-5.40,-17.84,6.30,1.79,-1.79,90,5.13,2.59,1106,1422,1100,-2.35,2.80
27.68,TAKEOFF,TAKEOFF,1,28.5595949,77.1158025,19.50,18.47,18.90,-56.98,-8.52,153.76,-4.69,32.23,-17.42,-4.81,-16.86,8.53,1.59,-1.59,90,5.00,2.65,1104,1423,1100,-2.36,2.79
27.88,TAKEOFF,TAKEOFF,1,28.5595523,77.1158331,19.07,18.42,18.83,-56.80,-7.61,142.72,-4.62,32.05,-17.51,-3.92,-14.86,11.55,1.29,-1.29,90,5.00,2.67,1102,1424,1100,-2.38,2.77
28.09,TAKEOFF,TAKEOFF,1,28.5595272,77.1158583,18.83,18.38,18.76,-56.78,-7.04,135.39,-4.59,31.87,-17.62,-3.33,-13.22,13.30,1.09,-1.09,90,5.00,2.68,1100,1424,1100,-2.39,2.77
28.29,TAKEOFF,TAKEOFF,1,28.5595053,77.1158868,18.63,18.34,18.67,-56.83,-6.50,128.08,-4.58,31.75,-17.75,-2.82,-11.36,14.81,0.92,-0.92,90,5.00,2.67,1100,1425,1100,-2.40,2.76
28.50,TAKEOFF,TAKEOFF,1,28.5594868,77.1159182,18.47,18.22,18.58,-56.95,-6.02,120.79,-4.65,31.63,-17.91,-2.34,-9.33,16.06,0.76,-0.76,90,5.00,2.65,1100,1426,1100,-2.42,2.76
28.70,TAKEOFF,TAKEOFF,1,28.5594719,77.1159520,18.33,18.19,18.48,-57.14,-5.60,113.47,-4.74,31.50,-18.08,-1.92,-7.16,17.03,0.62,-0.62,90,5.00,2.62,1100,1426,1100,-2.41,2.77
28.90,TAKEOFF,TAKEOFF,1,28.5594611,77.1159875,18.22,18.10,18.39,-57.41,-5.26,106.19,-4.85,31.38,-18.28,-1.59,-4.90,17.72,0.51,-0.51,90,5.00,2.57,1100,1427,1100,-2.46,2.74
29.11,TAKEOFF,TAKEOFF,1,28.5594543,77.1160244,18.12,18.05,18.31,-57.75,-5.02,98.91,-4.97,31.34,-18.51,-1.38,-2.57,18.12,0.44,-0.44,90,5.00,2.51,1100,1427,1100,-2.48,2.72
29.31,TAKEOFF,TAKEOFF,1,28.5594517,77.1160619,18.02,17.94,18.23,-58.13,-4.87,91.61,-5.11,31.24,-18.76,-1.26,-0.22,18.22,0.40,-0.40,90,5.00,2.45,1100,1428,1100,-2.50,2.70
29.52,TAKEOFF,TAKEOFF,1,28.5594533,77.1160992,17.94,17.81,18.16,-58.55,-4.82,84.29,-5.25,31.23,-19.00,-1.20,2.11,18.03,0.38,-0.38,90,5.00,2.38,1100,1428,1100,-2.50,2.70
29.73,TAKEOFF,TAKEOFF,1,28.5594591,77.1161356,17.86,17.68,18.08,-58.99,-4.85,76.94,-5.39,31.23,-19.25,-1.27,4.39,17.53,0.40,-0.40,90,5.00,2.30,1100,1428,1100,-2.47,2.71
29.93,TAKEOFF,TAKEOFF,1,28.5594687,77.1161705,17.77,17.66,18.00,-59.44,-4.97,69.57,-5.52,31.25,-19.49,-1.40,6.59,16.75,0.44,-0.44,90,5.00,2.23,1100,1428,1100,-2.42,2.74
30.14,TAKEOFF,TAKEOFF,1,28.5594822,77.1162036,17.67,17.57,17.94,-59.89,-5.18,62.16,-5.65,31.32,-19.71,-1.63,8.68,15.70,0.51,-0.51,90,5.00,2.16,1100,1428,1100,-2.38,2.77
30.34,TAKEOFF,TAKEOFF,1,28.5594993,77.1162342,17.55,17.51,17.89,-60.34,-5.49,54.73,-5.76,31.37,-19.91,-1.92,10.62,14.39,0.60,-0.60,90,5.00,2.09,1100,1428,1100,-2.34,2.80
30.55,TAKEOFF,TAKEOFF,1,28.5595198,77.1162620,17.41,17.49,17.86,-60.75,-5.88,47.26,-5.86,31.47,-20.08,-2.34,12.39,12.86,0.73,-0.73,90,5.00,2.02,1100,1427,1100,-2.29,2.84
30.75,TAKEOFF,TAKEOFF,1,28.5595433,77.1162865,17.25,17.47,17.84,-61.13,-6.33,39.76,-5.94,31.60,-20.21,-2.79,13.95,11.11,0.87,-0.87,90,5.00,1.96,1100,1427,1100,-2.24,2.88
30.96,TAKEOFF,TAKEOFF,1,28.5595696,77.1163075,17.06,17.41,17.85,-61.45,-6.85,32.18,-6.00,31.79,-20.29,-3.31,15.30,9.16,1.03,-1.03,90,0.06,2.73,1100,1425,1100,-2.20,2.92
31.16,TAKEOFF,TAKEOFF,1,28.5595983,77.1163243,16.82,17.49,17.88,-61.72,-7.39,24.58,-6.02,32.13,-20.33,-3.87,16.41,7.06,1.21,-1.21,90,-5.00,3.61,1100,1422,1100,-2.12,2.95
31.36,TAKEOFF,TAKEOFF,1,28.5596288,77.1163366,16.55,17.53,17.92,-61.91,-7.94,16.92,-6.02,32.32,-20.32,-4.44,17.25,4.82,1.39,-1.39,90,-5.00,3.57,1100,1422,1100,-2.05,2.98
31.57,TAKEOFF,TAKEOFF,1,28.5596605,77.1163442,16.24,17.53,17.98,-62.02,-8.49,9.22,-6.00,32.46,-20.27,-4.96,17.80,2.47,1.56,-1.56,90,-5.00,3.55,1100,1420,1100,-2.00,3.01
31.77,TAKEOFF,TAKEOFF,1,28.5596929,77.1163470,15.90,17.61,18.04,-62.04,-9.01,1.49,-5.96,32.62,-20.17,-5.48,18.03,0.06,1.73,-1.73,90,-5.00,3.55,1100,1419,1100,-1.92,3.06
31.97,TAKEOFF,TAKEOFF,1,28.5597251,77.1163449,15.53,17.62,18.10,-61.96,-9.48,-6.28,-5.89,32.80,-20.03,-5.93,17.94,-2.35,1.88,-1.88,90,-5.00,3.56,1100,1418,1100,-1.84,3.10
32.18,TAKEOFF,TAKEOFF,1,28.5597567,77.1163377,15.14,17.69,18.16,-61.81,-9.88,-14.07,-5.80,32.93,-19.86,-6.35,17.51,-4.76,2.02,-2.02,90,-5.00,3.59,1100,1417,1100,-1.76,3.13
32.38,TAKEOFF,TAKEOFF,1,28.5598021,77.1163180,14.50,17.84,18.25,-61.45,-10.35,-25.78,-5.64,33.16,-19.56,-6.78,16.28,-8.23,2.17,-2.17,90,-5.00,3.66,1100,1416,1100,-1.65,3.19
32.59,TAKEOFF,TAKEOFF,1,28.5598301,77.1162991,14.05,17.93,18.32,-61.14,-10.56,-33.60,-5.51,33.27,-19.35,-7.00,15.08,-10.39,2.25,-2.25,90,-5.00,3.72,1100,1415,1100,-1.59,3.22
32.79,TAKEOFF,TAKEOFF,1,28.5598557,77.1162760,13.59,18.03,18.39,-60.78,-10.69,-41.42,-5.39,33.35,-19.12,-7.10,13.59,-12.38,2.29,-2.29,90,-5.00,3.79,1100,1414,1100,-1.55,3.24
33.00,TAKEOFF,TAKEOFF,1,28.5598786,77.1162487,13.12,18.10,18.47,-60.39,-10.72,-49.26,-5.26,33.40,-18.90,-7.13,11.83,-14.17,2.31,-2.31,90,-5.00,3.87,1100,1413,1100,-1.53,3.24
33.20,TAKEOFF,TAKEOFF,1,28.5598982,77.1162179,12.64,18.13,18.55,-59.99,-10.67,-57.06,-5.14,33.46,-18.69,-7.07,9.85,-15.71,2.30,-2.30,90,-5.00,3.95,1100,1412,1100,-1.51,3.23
33.41,TAKEOFF,TAKEOFF,1,28.5599141,77.1161842,12.17,18.17,18.62,-59.58,-10.52,-64.85,-5.02,33.50,-18.50,-6.92,7.68,-16.96,2.26,-2.26,90,-5.00,4.03,1100,1412,1100,-1.50,3.22
33.61,TAKEOFF,TAKEOFF,1,28.5599259,77.1161483,11.71,18.27,18.69,-59.17,-10.28,-72.62,-4.92,33.50,-18.33,-6.69,5.35,-17.90,2.19,-2.19,90,-5.00,4.11,1100,1411,1100,-1.51,3.20
33.81,TAKEOFF,TAKEOFF,1,28.5599334,77.1161111,11.28,18.35,18.73,-58.78,-9.95,-80.36,-4.83,33.48,-18.18,-6.37,2.92,-18.49,2.09,-2.09,90,-5.00,4.19,1100,1411,1100,-1.49,3.19
34.02,TAKEOFF,TAKEOFF,1,28.5599364,77.1160733,10.88,18.35,18.75,-58.42,-9.54,-88.07,-4.75,33.41,-18.07,-5.97,0.43,-18.74,1.96,-1.96,90,-5.00,4.26,1100,1411,1100,-1.48,3.18
34.22,TAKEOFF,TAKEOFF,1,28.5599350,77.1160354,10.50,18.41,18.75,-58.11,-9.08,-95.74,-4.70,33.33,-17.99,-5.52,-2.05,-18.63,1.81,-1.81,90,-5.00,4.32,1100,1411,1100,-1.49,3.17
34.43,TAKEOFF,TAKEOFF,1,28.5599293,77.1159980,10.16,18.37,18.73,-57.87,-8.58,-103.38,-4.67,33.26,-17.95,-5.01,-4.49,-18.18,1.64,-1.64,90,-5.00,4.37,1100,1411,1100,-1.52,3.15
34.64,TAKEOFF,TAKEOFF,1,28.5599192,77.1159619,9.85,18.35,18.70,-57.69,-8.06,-110.99,-4.66,33.18,-17.94,-4.50,-6.84,-17.40,1.47,-1.47,90,-5.00,4.40,1100,1411,1100,-1.54,3.13
34.84,TAKEOFF,TAKEOFF,1,28.5599050,77.1159276,9.58,18.33,18.66,-57.59,-7.54,-118.57,-4.66,33.09,-17.98,-3.99,-9.05,-16.31,1.30,-1.30,90,-5.00,4.43,1100,1411,1100,-1.58,3.10
35.04,TAKEOFF,TAKEOFF,1,28.5598870,77.1158957,9.33,18.26,18.60,-57.56,-7.03,-126.17,-4.70,32.96,-18.05,-3.48,-11.10,-14.92,1.13,-1.13,90,-5.00,4.43,1100,1412,1100,-1.64,3.06
35.25,TAKEOFF,TAKEOFF,1,28.5598653,77.1158667,9.12,18.20,18.55,-57.61,-6.56,-133.71,-4.75,32.87,-18.15,-3.03,-12.93,-13.29,0.98,-0.98,90,-5.00,4.42,1100,1412,1100,-1.71,3.01
35.45,TAKEOFF,TAKEOFF,1,28.5598404,77.1158412,8.93,18.13,18.50,-57.74,-6.14,-141.25,-4.81,32.81,-18.29,-2.63,-14.53,-11.43,0.85,-0.85,90,-5.00,4.40,1100,1412,1100,-1.77,2.97
35.66,TAKEOFF,TAKEOFF,1,28.5598129,77.1158197,8.76,18.09,18.44,-57.93,-5.78,-148.79,-4.90,32.68,-18.45,-2.27,-15.86,-9.38,0.73,-0.73,90,-5.00,4.36,1100,1413,1100,-1.86,2.90
35.86,TAKEOFF,TAKEOFF,1,28.5597832,77.1158026,8.62,18.01,18.37,-58.19,-5.48,-156.33,-5.01,32.64,-18.64,-2.00,-16.90,-7.18,0.64,-0.64,90,-5.00,4.30,1100,1413,1100,-1.92,2.86
36.07,TAKEOFF,TAKEOFF,1,28.5597522,77.1157902,8.50,17.95,18.29,-58.49,-5.24,-163.88,-5.11,32.57,-18.85,-1.75,-17.62,-4.87,0.56,-0.56,90,-2.12,3.68,1100,1415,1100,-1.96,2.82
36.27,TAKEOFF,TAKEOFF,1,28.5597204,77.1157826,8.39,17.89,18.20,-58.83,-5.10,-171.42,-5.24,32.33,-19.07,-1.64,-18.03,-2.48,0.52,-0.52,90,3.12,2.65,1100,1416,1100,-2.03,2.79
36.47,TAKEOFF,TAKEOFF,1,28.5596882,77.1157799,8.29,17.80,18.11,-59.22,-5.05,-178.95,-5.37,32.22,-19.29,-1.58,-18.11,-0.08,0.50,-0.50,90,5.00,2.27,1100,1417,1100,-2.09,2.77
36.68,TAKEOFF,TAKEOFF,1,28.5596561,77.1157821,8.19,17.71,18.04,-59.63,-5.10,173.50,-5.49,32.23,-19.51,-1.62,-17.88,2.29,0.51,-0.51,90,5.00,2.20,1100,1418,1100,-2.14,2.75
36.88,TAKEOFF,TAKEOFF,1,28.5596093,77.1157942,8.03,17.65,17.94,-60.26,-5.36,162.14,-5.67,32.24,-19.82,-1.88,-16.98,5.77,0.59,-0.59,90,5.00,2.10,1100,1418,1100,-2.22,2.73
37.09,TAKEOFF,TAKEOFF,1,28.5595796,77.1158083,7.89,17.60,17.90,-60.67,-5.64,154.50,-5.77,32.30,-20.00,-2.18,-16.02,7.97,0.68,-0.68,90,5.00,2.03,1100,1418,1100,-2.27,2.71
37.29,TAKEOFF,TAKEOFF,1,28.5595517,77.1158268,7.73,17.54,17.88,-61.07,-6.02,146.87,-5.87,32.37,-20.15,-2.56,-14.79,10.04,0.80,-0.80,90,5.00,1.97,1100,1417,1100,-2.31,2.69
37.50,TAKEOFF,TAKEOFF,1,28.5595263,77.1158494,7.55,17.55,17.88,-61.42,-6.45,139.19,-5.93,32.51,-20.26,-3.01,-13.31,11.93,0.94,-0.94,90,5.00,1.92,1100,1417,1100,-2.33,2.68
37.70,TAKEOFF,TAKEOFF,1,28.5595037,77.1158758,7.33,17.53,17.90,-61.72,-6.93,131.48,-5.99,32.61,-20.33,-3.52,-11.58,13.63,1.10,-1.10,90,5.00,1.87,1100,1417,1100,-2.35,2.67
37.91,TAKEOFF,TAKEOFF,1,28.5594845,77.1159052,7.09,17.53,17.92,-61.95,-7.44,123.75,-6.01,32.74,-20.36,-4.02,-9.65,15.09,1.26,-1.26,90,5.00,1.84,1100,1416,1100,-2.35,2.68
38.11,TAKEOFF,TAKEOFF,1,28.5594690,77.1159372,6.82,17.55,17.94,-62.10,-7.95,115.97,-6.01,32.86,-20.35,-4.53,-7.53,16.28,1.42,-1.42,90,5.00,1.81,1100,1416,1100,-2.32,2.71
38.32,TAKEOFF,TAKEOFF,1,28.5594575,77.1159711,6.51,17.61,17.97,-62.18,-8.45,108.18,-5.99,33.00,-20.29,-5.03,-5.27,17.17,1.58,-1.58,90,5.00,1.80,1100,1415,1100,-2.27,2.75
38.52,TAKEOFF,TAKEOFF,1,28.5594501,77.1160066,6.18,17.60,18.01,-62.18,-8.93,100.36,-5.94,33.12,-20.19,-5.49,-2.89,17.77,1.73,-1.73,90,5.00,1.80,1100,1415,1100,-2.23,2.78
38.72,TAKEOFF,TAKEOFF,1,28.5594471,77.1160430,5.82,17.68,18.05,-62.11,-9.38,92.52,-5.88,33.24,-20.05,-5.92,-0.45,18.04,1.87,-1.87,90,5.00,1.81,1100,1414,1100,-2.19,2.82
38.93,TAKEOFF,TAKEOFF,1,28.5594483,77.1160796,5.44,17.70,18.11,-61.96,-9.78,84.66,-5.79,33.33,-19.88,-6.30,2.01,17.99,2.00,-2.00,90,5.00,1.83,1100,1413,1100,-2.13,2.87
39.13,TAKEOFF,TAKEOFF,1,28.5594541,77.1161159,5.02,17.77,18.18,-61.74,-10.11,76.80,-5.68,33.44,-19.69,-6.63,4.46,17.61,2.11,-2.11,90,5.00,1.87,1100,1413,1100,-2.08,2.90
39.34,TAKEOFF,TAKEOFF,1,28.5594642,77.1161514,4.58,17.86,18.25,-61.46,-10.37,68.90,-5.57,33.55,-19.48,-6.88,6.85,16.91,2.20,-2.20,90,5.00,1.91,1100,1412,1100,-2.04,2.93
39.54,TAKEOFF,TAKEOFF,1,28.5594787,77.1161852,4.13,17.97,18.34,-61.13,-10.55,61.03,-5.45,33.58,-19.26,-7.06,9.14,15.89,2.27,-2.27,90,5.00,1.96,1100,1412,1100,-1.99,2.96
39.75,TAKEOFF,TAKEOFF,1,28.5594972,77.1162167,3.65,18.05,18.43,-60.77,-10.65,53.17,-5.32,33.65,-19.04,-7.15,11.28,14.57,2.31,-2.31,90,5.00,2.02,1100,1411,1100,-1.95,2.98
39.95,TAKEOFF,TAKEOFF,1,28.5595193,77.1162451,3.18,18.12,18.51,-60.37,-10.64,45.31,-5.20,33.64,-18.82,-7.12,13.21,12.96,2.31,-2.31,90,5.00,2.08,1100,1411,1100,-1.90,3.00
40.16,TAKEOFF,TAKEOFF,1,28.5595447,77.1162699,2.70,18.19,18.59,-59.95,-10.55,37.49,-5.08,33.63,-18.62,-7.03,14.90,11.10,2.29,-2.29,90,4.74,2.19,1100,1411,1100,-1.83,3.02
40.36,TAKEOFF,TAKEOFF,1,28.5595726,77.1162906,2.25,18.26,18.64,-59.53,-10.34,29.68,-4.97,33.78,-18.44,-6.82,16.31,9.01,2.23,-2.23,90,-2.85,3.62,1100,1408,1100,-1.75,3.05
40.57,TAKEOFF,TAKEOFF,1,28.5596026,77.1163067,1.81,18.31,18.68,-59.12,-10.03,21.87,-4.87,33.86,-18.29,-6.54,17.41,6.75,2.14,-2.14,90,-5.00,4.12,1100,1408,1100,-1.66,3.07
40.77,TAKEOFF,TAKEOFF,1,28.5596343,77.1163181,1.40,18.37,18.70,-58.75,-9.64,14.08,-4.79,33.83,-18.16,-6.17,18.18,4.36,2.02,-2.02,90,-5.00,4.19,1100,1407,1100,-1.56,3.10
41.40,TAKEOFF,TAKEOFF,1,28.5596672,77.1163245,1.01,18.39,18.71,-58.42,-9.20,6.33,-4.73,33.75,-18.06,-5.71,18.61,1.88,1.87,-1.87,90,-5.00,4.26,1100,1407,1100,-1.52,3.12
41.60,TAKEOFF,TAKEOFF,1,28.5597005,77.1163258,0.65,18.42,18.71,-58.15,-8.72,-1.38,-4.69,33.61,-18.01,-5.22,18.69,-0.61,1.71,-1.71,90,-5.00,4.31,1100,1408,1100,-1.48,3.12
41.81,TAKEOFF,TAKEOFF,1,28.5597339,77.1163220,0.32,18.43,18.69,-57.95,-8.21,-9.09,-4.67,33.49,-17.98,-4.74,18.43,-3.11,1.55,-1.55,90,-5.00,4.35,1100,1408,1100,-1.46,3.12
42.01,TAKEOFF,TAKEOFF,1,28.5597667,77.1163132,0.02,18.35,18.68,-57.83,-7.71,-16.73,-4.67,33.41,-18.00,-4.26,17.83,-5.53,1.39,-1.39,90,-5.00,4.38,1100,1408,1100,-1.47,3.11
42.22,TAKEOFF,TAKEOFF,1,28.5597982,77.1162995,-0.23,18.33,18.64,-53.99,-6.67,-24.52,122.90,47.88,-5.88,-3.23,16.94,-7.76,1.05,-1.05,90,-5.00,5.16,1245,1455,1220,-1.47,3.10
42.42,TAKEOFF,TAKEOFF,1,28.5598288,77.1162841,-0.14,18.17,18.40,-6.95,2.59,-25.24,84.57,26.57,9.45,4.38,16.87,-7.33,-1.41,1.41,90,-5.00,11.99,1198,1418,1289,-1.02,1.91
42.63,TAKEOFF,TAKEOFF,1,28.5598590,77.1162697,0.30,18.05,18.02,0.61,7.59,-23.79,17.32,23.81,12.75,7.99,16.53,-7.16,-2.53,2.53,90,-5.00,14.85,1578,1424,1695,-0.18,0.85
42.83,TAKEOFF,TAKEOFF,1,28.5598884,77.1162560,0.96,17.77,17.39,2.97,12.27,-22.63,4.06,23.13,-4.60,12.65,16.08,-6.59,-3.90,3.90,90,-5.00,14.71,1741,1442,1724,0.26,0.09
43.04,TAKEOFF,TAKEOFF,1,28.5599165,77.1162434,1.90,17.41,16.49,2.07,16.82,-23.89,-7.09,21.77,-7.65,17.82,15.29,-6.16,-5.30,5.30,90,-5.00,14.38,1755,1462,1713,-0.59,1.99
43.24,TAKEOFF,TAKEOFF,1,28.5599430,77.1162314,3.10,16.98,15.46,-0.05,20.98,-25.21,-8.74,19.64,-6.17,22.40,14.32,-5.82,-6.37,6.37,90,-5.00,13.16,1688,1487,1657,-0.95,2.94
43.45,TAKEOFF,TAKEOFF,1,28.5599677,77.1162201,4.48,16.46,14.38,-2.48,24.62,-26.97,-8.94,17.36,-8.58,26.48,13.30,-5.45,-7.16,7.16,90,-5.00,12.25,1593,1512,1539,-1.25,4.19
43.65,TAKEOFF,TAKEOFF,1,28.5599905,77.1162093,5.99,15.83,13.28,-4.67,27.79,-28.24,-6.34,15.14,-0.85,30.21,12.18,-5.28,-7.73,7.73,90,-5.00,11.99,1492,1537,1506,-1.74,4.59
43.85,TAKEOFF,TAKEOFF,1,28.5600114,77.1161986,7.59,15.16,12.21,-5.04,30.62,-27.92,0.36,13.01,4.36,33.43,11.09,-5.11,-8.06,8.06,90,-5.00,11.99,1448,1565,1514,-2.17,3.27
44.06,TAKEOFF,TAKEOFF,1,28.5600305,77.1161882,9.23,14.45,11.22,-4.15,33.02,-27.19,3.75,10.81,3.03,36.19,10.10,-4.86,-8.20,8.20,90,-5.00,11.99,1473,1595,1531,-2.63,1.84
44.26,TAKEOFF,TAKEOFF,1,28.5600480,77.1161783,10.88,13.78,10.30,-3.48,34.91,-27.14,2.49,8.34,-0.92,38.41,9.23,-4.55,-8.16,8.16,90,-5.00,11.99,1513,1627,1531,-3.16,1.06
44.47,TAKEOFF,TAKEOFF,1,28.5600640,77.1161689,12.50,13.09,9.46,-3.73,36.24,-27.83,-0.31,5.75,-3.17,40.17,8.44,-4.26,-7.98,7.98,90,-5.00,11.99,1518,1660,1509,-3.54,1.18
44.67,TAKEOFF,TAKEOFF,1,28.5600786,77.1161601,14.07,12.34,8.74,-4.51,37.04,-28.67,-1.69,3.15,-2.71,41.35,7.73,-4.05,-7.68,7.68,90,-5.00,11.99,1488,1695,1484,-3.90,1.32
44.88,TAKEOFF,TAKEOFF,1,28.5600920,77.1161517,15.57,11.58,8.11,-5.13,37.33,-29.16,-1.12,0.45,-1.12,41.93,7.11,-3.89,-7.28,7.28,90,-5.00,11.99,1450,1730,1471,-4.31,0.97
45.08,TAKEOFF,TAKEOFF,1,28.5601042,77.1161436,16.98,10.83,7.60,-5.29,37.10,-29.27,0.28,-2.30,-0.23,41.86,6.60,-3.77,-6.81,6.81,90,-5.00,11.99,1431,1766,1471,-4.55,0.37
45.29,TAKEOFF,TAKEOFF,1,28.5601157,77.1161357,18.28,10.18,7.20,-5.13,36.32,-29.26,1.17,-5.08,-0.50,41.16,6.19,-3.67,-6.29,6.29,90,-5.00,11.99,1434,1801,1474,-4.73,-0.28
45.49,TAKEOFF,TAKEOFF,1,28.5601318,77.1161241,20.04,9.34,6.79,-4.93,34.11,-29.45,0.89,-8.94,-1.77,38.72,5.77,-3.57,-5.44,5.44,90,-5.00,11.99,1449,1842,1466,-4.71,-1.07
45.69,TAKEOFF,TAKEOFF,1,28.5601420,77.1161165,21.06,8.71,6.64,-5.01,32.04,-29.74,0.24,-11.01,-2.29,36.21,5.61,-3.55,-4.86,4.86,90,-5.10,11.99,1454,1860,1458,-4.34,-1.45
45.90,TAKEOFF,TAKEOFF,1,28.5601521,77.1161088,21.98,8.19,6.58,-5.22,29.59,-30.07,-0.37,-12.64,-2.67,33.13,5.52,-3.57,-4.29,4.29,90,-5.34,11.99,1460,1871,1452,-3.84,-1.69
46.10,TAKEOFF,TAKEOFF,1,28.5601622,77.1161010,22.77,7.92,6.60,-5.54,26.86,-30.41,-0.89,-13.79,-2.87,29.51,5.50,-3.63,-3.73,3.73,90,-5.71,11.99,1465,1870,1449,-3.15,-1.93
46.31,TAKEOFF,TAKEOFF,1,28.5601723,77.1160930,23.45,7.49,6.70,-5.92,23.97,-30.74,-1.25,-14.29,-2.92,25.55,5.55,-3.74,-3.20,3.20,90,-6.03,11.99,1460,1854,1441,-2.03,-2.30
46.51,TAKEOFF,TAKEOFF,1,28.5601826,77.1160848,24.03,7.28,6.87,-6.32,21.07,-31.03,-1.35,-14.00,-2.78,21.56,5.65,-3.89,-2.71,2.71,90,-6.18,12.76,1438,1818,1423,-1.12,-2.63
46.72,TAKEOFF,TAKEOFF,1,28.5601931,77.1160762,24.51,7.20,7.10,-6.67,18.40,-31.28,-1.14,-11.91,-2.59,17.68,5.80,-4.08,-2.26,2.26,90,-6.37,14.99,1421,1754,1414,-0.14,-3.02
46.92,TAKEOFF,TAKEOFF,1,28.5602038,77.1160673,24.91,7.22,7.37,-6.95,16.16,-31.53,-0.81,-10.23,-2.54,14.40,5.98,-4.29,-1.89,1.89,90,-6.63,14.99,1416,1716,1410,1.13,-3.53
47.13,TAKEOFF,TAKEOFF,1,28.5602147,77.1160581,25.25,7.47,7.67,-7.17,14.20,-31.82,-0.58,-9.00,-2.63,11.72,6.19,-4.52,-1.59,1.59,90,-6.78,14.99,1407,1677,1398,1.78,-3.83
47.33,TAKEOFF,TAKEOFF,1,28.5602261,77.1160483,25.54,7.70,8.00,-7.37,12.47,-32.17,-0.50,-7.73,-2.88,9.59,6.41,-4.77,-1.35,1.35,90,-6.89,14.99,1400,1645,1379,2.16,-4.03
47.53,TAKEOFF,TAKEOFF,1,28.5602379,77.1160380,25.79,7.87,8.35,-7.59,11.00,-32.65,-0.71,-6.32,-3.74,7.99,6.65,-5.03,-1.17,1.17,90,-7.05,14.99,1393,1617,1336,2.34,-4.03
47.74,TAKEOFF,TAKEOFF,1,28.5602501,77.1160273,26.01,8.11,8.70,-7.99,9.78,-33.47,-1.72,-4.71,-5.93,6.89,6.91,-5.27,-1.05,1.05,90,-7.09,14.99,1365,1593,1218,2.32,-3.55
47.94,TAKEOFF,TAKEOFF,1,28.5602628,77.1160161,26.21,8.40,9.03,-8.87,8.77,-35.13,-4.53,-2.96,-12.07,6.26,7.20,-5.43,-0.99,0.99,90,-7.23,14.98,1302,1573,1100,2.25,-2.11
48.14,TAKEOFF,TAKEOFF,1,28.5602761,77.1160045,26.41,8.69,9.35,-10.63,7.84,-38.20,-7.76,-1.06,-17.73,5.93,7.43,-5.66,-0.97,0.97,90,-7.28,14.94,1168,1554,1100,2.18,1.35
48.35,TAKEOFF,TAKEOFF,1,28.5602898,77.1159922,26.60,8.96,9.67,-12.74,7.05,-41.90,-7.93,0.75,-19.00,5.68,7.53,-6.05,-0.96,0.96,90,-7.32,14.86,1100,1536,1100,2.18,3.44
48.55,TAKEOFF,TAKEOFF,1,28.5603034,77.1159790,26.79,9.21,9.96,-14.70,6.48,-45.58,-7.24,2.24,-17.51,5.62,7.49,-6.56,-0.98,0.98,90,-7.48,13.42,1100,1539,1100,2.16,4.72
48.76,TAKEOFF,TAKEOFF,1,28.5603169,77.1159647,26.98,9.56,10.24,-16.40,6.06,-48.84,-6.19,2.41,-14.96,5.64,7.34,-7.13,-1.01,1.01,90,-7.55,11.71,1100,1540,1100,1.90,5.22
48.96,TAKEOFF,TAKEOFF,1,28.5603299,77.1159494,27.19,9.78,10.49,-17.79,5.82,-51.65,-4.82,3.57,-12.80,5.72,7.10,-7.71,-1.05,1.05,90,-7.68,11.63,1100,1533,1100,1.63,4.93
49.17,TAKEOFF,TAKEOFF,1,28.5603423,77.1159329,27.41,10.10,10.72,-18.89,5.87,-54.24,-3.62,4.90,-11.82,5.92,6.81,-8.27,-1.11,1.11,90,-7.65,11.54,1100,1529,1100,1.42,4.38
49.37,TAKEOFF,TAKEOFF,1,28.5603541,77.1159154,27.64,10.35,10.92,-19.82,6.13,-56.87,-2.98,5.99,-12.06,6.22,6.46,-8.80,-1.19,1.19,90,-7.82,11.48,1100,1527,1100,1.22,3.70
49.58,TAKEOFF,TAKEOFF,1,28.5603652,77.1158969,27.89,10.55,11.10,-20.72,6.48,-59.69,-2.95,6.85,-13.04,6.63,6.06,-9.29,-1.29,1.29,90,-7.87,11.40,1100,1526,1100,1.09,3.37
49.78,TAKEOFF,TAKEOFF,1,28.5603755,77.1158774,28.16,10.73,11.25,-21.72,6.84,-62.79,-3.35,7.58,-14.18,7.15,5.60,-9.75,-1.41,1.41,90,-8.03,11.32,1100,1525,1100,0.96,3.23
49.99,TAKEOFF,TAKEOFF,1,28.5603850,77.1158571,28.46,10.98,11.37,-22.87,7.20,-66.15,-3.89,8.27,-15.11,7.67,5.06,-10.17,-1.53,1.53,90,-8.05,11.21,1100,1524,1100,0.80,3.20
50.19,TAKEOFF,TAKEOFF,1,28.5603973,77.1158248,28.96,11.16,11.50,-24.86,7.71,-71.56,-4.54,9.21,-15.95,8.46,4.11,-10.73,-1.71,1.71,90,-8.26,11.02,1100,1522,1100,0.60,3.16
50.40,TAKEOFF,TAKEOFF,1,28.5604040,77.1158022,29.32,11.27,11.58,-26.33,8.02,-75.35,-4.82,9.77,-16.36,8.89,3.39,-11.06,-1.81,1.81,90,-8.33,10.85,1100,1522,1100,0.49,3.05
50.60,TAKEOFF,TAKEOFF,1,28.5604093,77.1157790,29.70,11.32,11.64,-27.89,8.27,-79.27,-5.06,10.21,-16.86,9.23,2.59,-11.34,-1.89,1.89,90,-8.54,10.68,1100,1520,1100,0.36,2.90
50.81,TAKEOFF,TAKEOFF,1,28.5604132,77.1157554,30.09,11.32,11.69,-29.54,8.44,-83.35,-5.34,10.68,-17.54,9.48,1.73,-11.55,-1.95,1.95,90,-8.67,10.47,1100,1518,1100,0.18,2.64
51.01,TAKEOFF,TAKEOFF,1,28.5604154,77.1157314,30.49,11.35,11.73,-31.28,8.49,-87.61,-5.71,11.19,-18.42,9.63,0.82,-11.70,-1.99,1.99,90,-8.77,10.24,1100,1515,1100,0.05,2.44
51.22,TAKEOFF,TAKEOFF,1,28.5604159,77.1157075,30.90,11.45,11.77,-33.14,8.43,-92.10,-6.17,11.79,-19.44,9.60,-0.14,-11.76,-1.99,1.99,90,-8.89,9.97,1100,1511,1100,-0.07,2.26
51.42,TAKEOFF,TAKEOFF,1,28.5604148,77.1156835,31.30,11.56,11.81,-35.12,8.20,-96.84,-6.70,12.46,-20.54,9.42,-1.17,-11.75,-1.96,1.96,90,-9.08,9.68,1100,1507,1100,-0.23,2.02
51.63,TAKEOFF,TAKEOFF,1,28.5604117,77.1156598,31.69,11.58,11.86,-37.22,7.79,-101.82,-7.27,13.21,-21.67,9.06,-2.25,-11.64,-1.89,1.89,90,-9.26,9.36,1100,1501,1100,-0.35,1.86
51.83,TAKEOFF,TAKEOFF,1,28.5604066,77.1156363,32.07,11.61,11.94,-39.42,7.18,-107.06,-7.86,14.06,-22.81,8.48,-3.37,-11.45,-1.78,1.78,90,-9.35,8.98,1100,1495,1100,-0.48,1.71
52.04,TAKEOFF,TAKEOFF,1,28.5603994,77.1156134,32.41,11.62,12.04,-41.71,6.35,-112.56,-8.43,15.08,-23.95,7.66,-4.54,-11.15,-1.62,1.62,90,-9.49,8.58,1100,1487,1100,-0.66,1.52
52.24,TAKEOFF,TAKEOFF,1,28.5603900,77.1155909,32.72,11.69,12.18,-44.07,5.31,-118.35,-9.00,16.27,-25.06,6.65,-5.75,-10.73,-1.42,1.42,90,-9.65,8.16,1100,1477,1100,-0.79,1.39
52.45,TAKEOFF,TAKEOFF,1,28.5603784,77.1155694,32.99,11.91,12.36,-46.43,4.04,-124.40,-9.54,17.62,-26.11,5.41,-6.99,-10.18,-1.17,1.17,90,-9.82,7.73,1100,1468,1100,-0.91,1.28
52.65,TAKEOFF,TAKEOFF,1,28.5603645,77.1155491,33.19,12.02,12.57,-48.78,2.56,-130.71,-10.03,18.96,-27.06,3.96,-8.24,-9.49,-0.87,0.87,90,-9.93,7.28,1100,1459,1100,-1.08,1.20
52.86,TAKEOFF,TAKEOFF,1,28.5603484,77.1155304,33.34,12.16,12.82,-51.04,0.88,-137.28,-10.45,20.39,-27.84,2.37,-9.48,-8.62,-0.53,0.53,90,-9.97,6.82,1100,1450,1100,-1.21,1.19
53.06,TAKEOFF,TAKEOFF,1,28.5603301,77.1155137,33.41,12.44,13.10,-53.17,-0.97,-144.09,-10.76,21.92,-28.40,0.61,-10.68,-7.57,-0.14,0.14,90,-10.00,6.38,1100,1441,1100,-1.32,1.22
53.27,TAKEOFF,TAKEOFF,1,28.5603099,77.1154996,33.40,12.63,13.39,-55.10,-2.93,-151.13,-10.96,23.41,-28.68,-1.16,-11.79,-6.33,0.27,-0.27,90,-10.00,5.97,1100,1434,1100,-1.44,1.35
53.47,TAKEOFF,TAKEOFF,1,28.5602879,77.1154882,33.30,12.88,13.70,-56.80,-4.97,-158.38,-11.00,24.86,-28.67,-3.05,-12.79,-4.90,0.73,-0.73,90,-10.01,5.62,1100,1426,1100,-1.51,1.47
53.67,TAKEOFF,TAKEOFF,1,28.5602642,77.1154799,33.11,13.20,14.04,-58.20,-7.01,-165.81,-10.89,26.30,-28.34,-4.93,-13.65,-3.27,1.21,-1.21,90,-10.02,5.33,1100,1420,1100,-1.57,1.61
53.88,TAKEOFF,TAKEOFF,1,28.5602392,77.1154752,32.82,13.60,14.39,-59.29,-8.99,-173.41,-10.61,27.50,-27.74,-6.74,-14.31,-1.47,1.70,-1.70,90,-9.87,5.07,1100,1421,1100,-1.64,1.81
54.08,TAKEOFF,TAKEOFF,1,28.5602132,77.1154742,32.44,13.97,14.76,-60.04,-10.88,178.90,-10.22,28.22,-26.89,-8.45,-14.74,0.47,2.19,-2.19,90,-9.70,4.88,1100,1421,1100,-1.72,1.96
54.29,TAKEOFF,TAKEOFF,1,28.5601865,77.1154774,31.96,14.42,15.13,-60.45,-12.62,171.12,-9.70,28.91,-25.86,-9.97,-14.92,2.53,2.66,-2.66,90,-9.49,4.76,1100,1421,1100,-1.81,2.11
54.49,TAKEOFF,TAKEOFF,1,28.5601597,77.1154848,31.39,14.89,15.52,-60.52,-14.13,163.33,-9.10,29.60,-24.72,-11.34,-14.80,4.65,3.11,-3.11,90,-9.34,4.71,1100,1420,1100,-1.90,2.28
54.70,TAKEOFF,TAKEOFF,1,28.5601204,77.1155043,30.37,15.57,16.13,-60.05,-15.87,151.53,-8.10,30.60,-22.96,-12.86,-14.08,7.86,3.68,-3.68,90,-8.84,4.71,1100,1418,1100,-1.94,2.47
54.90,TAKEOFF,TAKEOFF,1,28.5600956,77.1155228,29.61,16.00,16.53,-59.39,-16.62,143.62,-7.42,31.23,-21.81,-13.51,-13.20,9.94,3.97,-3.97,90,-8.60,4.79,1100,1415,1100,-1.91,2.57
55.11,TAKEOFF,TAKEOFF,1,28.5600729,77.1155452,28.80,16.37,16.92,-58.49,-17.00,135.67,-6.76,31.81,-20.73,-13.79,-12.01,11.91,4.15,-4.15,90,0.13,3.25,1100,1412,1100,-1.83,2.67
55.31,TAKEOFF,TAKEOFF,1,28.5600527,77.1155714,27.96,16.79,17.28,-57.44,-17.00,127.74,-6.14,32.32,-19.72,-13.75,-10.52,13.71,4.23,-4.23,90,0.97,3.29,1100,1409,1100,-1.68,2.77
55.52,TAKEOFF,TAKEOFF,1,28.5600355,77.1156010,27.13,17.14,17.63,-56.31,-16.63,119.83,-5.58,32.80,-18.83,-13.38,-8.75,15.29,4.19,-4.19,90,2.40,3.23,1100,1406,1100,-1.56,2.84
55.72,TAKEOFF,TAKEOFF,1,28.5600217,77.1156336,26.31,17.53,17.94,-55.16,-15.95,112.00,-5.07,32.96,-18.04,-12.70,-6.76,16.61,4.04,-4.04,90,4.27,3.10,1100,1406,1100,-1.45,2.90
55.93,TAKEOFF,TAKEOFF,1,28.5600116,77.1156685,25.54,17.82,18.22,-54.07,-15.00,104.31,-4.64,32.88,-17.37,-11.75,-4.58,17.63,3.79,-3.79,90,6.43,2.91,1100,1407,1100,-1.36,2.95
56.13,TAKEOFF,TAKEOFF,1,28.5600055,77.1157052,24.84,18.07,18.45,-53.07,-13.84,96.77,-4.29,32.75,-16.82,-10.56,-2.28,18.31,3.44,-3.44,90,6.98,2.99,1100,1407,1100,-1.32,2.99
56.34,TAKEOFF,TAKEOFF,1,28.5600035,77.1157430,24.20,18.25,18.63,-52.20,-12.49,89.34,-4.00,32.61,-16.39,-9.21,0.07,18.63,3.02,-3.02,90,6.82,3.17,1101,1408,1100,-1.28,3.01
56.54,TAKEOFF,TAKEOFF,1,28.5600058,77.1157814,23.66,18.38,18.77,-51.51,-11.02,82.07,-3.88,32.44,-16.07,-7.74,2.43,18.60,2.55,-2.55,90,6.55,3.36,1104,1409,1100,-1.26,3.03
56.75,TAKEOFF,TAKEOFF,1,28.5600124,77.1158195,23.21,18.43,18.85,-51.02,-9.48,74.92,-3.88,32.17,-15.85,-6.18,4.75,18.23,2.04,-2.04,90,6.31,3.49,1106,1411,1100,-1.26,3.02
56.95,TAKEOFF,TAKEOFF,1,28.5600231,77.1158564,22.87,18.49,18.86,-50.74,-7.90,67.88,-3.89,31.86,-15.76,-4.61,6.97,17.52,1.52,-1.52,90,6.23,3.56,1107,1413,1100,-1.27,3.01
57.16,TAKEOFF,TAKEOFF,1,28.5600376,77.1158916,22.64,18.44,18.82,-50.67,-6.33,60.92,-3.92,31.52,-15.81,-3.04,9.03,16.50,1.00,-1.00,90,6.08,3.60,1107,1416,1100,-1.29,2.99
57.36,TAKEOFF,TAKEOFF,1,28.5600555,77.1159241,22.50,18.37,18.70,-50.78,-4.82,54.03,-3.99,31.15,-15.99,-1.53,10.89,15.19,0.50,-0.50,90,6.01,3.59,1106,1418,1100,-1.31,2.98
57.56,TAKEOFF,TAKEOFF,1,28.5600764,77.1159536,22.47,18.24,18.53,-51.08,-3.41,47.17,-4.07,30.80,-16.27,-0.12,12.53,13.64,0.04,-0.04,90,6.05,3.53,1104,1421,1100,-1.32,2.97
57.77,TAKEOFF,TAKEOFF,1,28.5601000,77.1159796,22.52,18.06,18.32,-51.57,-2.14,40.33,-4.15,30.45,-16.64,1.13,13.92,11.89,-0.36,0.36,90,6.04,3.44,1101,1424,1100,-1.36,2.96
57.97,TAKEOFF,TAKEOFF,1,28.5601258,77.1160019,22.66,17.87,18.08,-52.21,-1.05,33.49,-4.24,30.11,-17.11,2.25,15.07,9.99,-0.71,0.71,90,6.09,3.31,1100,1426,1100,-1.40,2.95
58.18,TAKEOFF,TAKEOFF,1,28.5601535,77.1160202,22.84,17.70,17.84,-53.01,-0.16,26.63,-4.47,29.84,-17.63,3.15,15.96,7.96,-0.98,0.98,90,6.10,3.16,1100,1429,1100,-1.46,2.92
58.38,TAKEOFF,TAKEOFF,1,28.5601826,77.1160344,23.08,17.50,17.60,-53.95,0.50,19.73,-4.77,29.61,-18.18,3.77,16.59,5.86,-1.16,1.16,90,6.24,2.96,1100,1431,1100,-1.53,2.88
58.59,TAKEOFF,TAKEOFF,1,28.5602131,77.1160443,23.34,17.30,17.38,-55.04,0.90,12.76,-5.09,29.45,-18.79,4.18,16.98,3.69,-1.27,1.27,90,6.29,2.76,1100,1432,1100,-1.61,2.82
58.79,TAKEOFF,TAKEOFF,1,28.5602440,77.1160497,23.60,17.10,17.19,-56.22,1.05,5.76,-5.45,29.36,-19.44,4.29,17.12,1.51,-1.29,1.29,90,6.39,2.53,1100,1433,1100,-1.69,2.76
58.99,TAKEOFF,TAKEOFF,1,28.5602904,77.1160495,23.98,16.84,16.96,-58.13,0.76,-4.88,-6.00,29.38,-20.48,3.91,16.87,-1.74,-1.16,1.16,90,6.54,2.19,1100,1434,1100,-1.80,2.66
59.20,TAKEOFF,TAKEOFF,1,28.5603205,77.1160438,24.21,16.64,16.85,-59.44,0.24,-12.07,-6.37,29.63,-21.15,3.36,16.39,-3.86,-0.99,0.99,90,-6.53,4.36,1100,1429,1100,-1.87,2.60
59.41,TAKEOFF,TAKEOFF,1,28.5603493,77.1160340,24.39,16.52,16.76,-60.73,-0.49,-19.41,-6.71,30.18,-21.78,2.56,15.67,-5.92,-0.75,0.75,90,-6.64,4.12,1100,1429,1100,-1.85,2.58
59.61,TAKEOFF,TAKEOFF,1,28.5603764,77.1160201,24.52,16.37,16.70,-61.97,-1.45,-26.84,-7.02,30.42,-22.33,1.58,14.70,-7.90,-0.46,0.46,90,-6.78,3.91,1100,1427,1100,-1.86,2.57
59.82,TAKEOFF,TAKEOFF,1,28.5604017,77.1160023,24.59,16.33,16.68,-63.13,-2.63,-34.36,-7.29,30.76,-22.78,0.38,13.51,-9.77,-0.11,0.11,90,-6.71,3.67,1100,1425,1100,-1.88,2.58
60.02,TAKEOFF,TAKEOFF,1,28.5604246,77.1159808,24.57,16.33,16.69,-64.17,-3.99,-41.95,-7.50,31.17,-23.11,-0.96,12.09,-11.50,0.28,-0.28,90,-6.81,3.49,1100,1423,1100,-1.90,2.60
60.22,TAKEOFF,TAKEOFF,1,28.5604449,77.1159558,24.48,16.30,16.75,-65.04,-5.49,-49.63,-7.62,31.61,-23.29,-2.43,10.46,-13.07,0.71,-0.71,90,-6.71,3.30,1100,1422,1100,-1.92,2.62
60.43,TAKEOFF,TAKEOFF,1,28.5604620,77.1159279,24.29,16.34,16.83,-65.72,-7.07,-57.40,-7.68,32.04,-23.30,-3.98,8.64,-14.44,1.17,-1.17,90,-6.70,3.18,1100,1422,1100,-1.93,2.66
60.63,TAKEOFF,TAKEOFF,1,28.5604758,77.1158971,24.01,16.50,16.95,-66.17,-8.70,-65.26,-7.65,32.21,-23.15,-5.56,6.61,-15.60,1.65,-1.65,90,-6.66,3.08,1100,1423,1100,-1.96,2.70
60.84,TAKEOFF,TAKEOFF,1,28.5604859,77.1158640,23.62,16.66,17.11,-66.40,-10.33,-73.12,-7.53,32.39,-22.84,-7.13,4.45,-16.52,2.14,-2.14,90,-6.46,3.01,1100,1423,1100,-2.02,2.74
61.04,TAKEOFF,TAKEOFF,1,28.5604919,77.1158292,23.14,16.81,17.29,-66.36,-11.88,-81.03,-7.32,32.58,-22.38,-8.62,2.15,-17.15,2.62,-2.62,90,-6.31,2.99,1100,1424,1100,-2.08,2.79
61.25,TAKEOFF,TAKEOFF,1,28.5604937,77.1157935,22.56,17.02,17.49,-66.06,-13.30,-88.98,-7.04,32.82,-21.81,-9.92,-0.22,-17.49,3.06,-3.06,90,-6.07,3.00,1100,1423,1100,-2.10,2.83
61.45,TAKEOFF,TAKEOFF,1,28.5604912,77.1157575,21.89,17.26,17.70,-65.51,-14.51,-96.99,-6.70,33.09,-21.16,-11.06,-2.66,-17.50,3.46,-3.46,90,-5.86,3.06,1100,1422,1100,-2.09,2.88
61.66,TAKEOFF,TAKEOFF,1,28.5604844,77.1157221,21.16,17.50,17.91,-64.71,-15.47,-105.04,-6.32,33.34,-20.45,-11.95,-5.10,-17.16,3.79,-3.79,90,-5.59,3.16,1100,1421,1100,-2.03,2.94
61.86,TAKEOFF,TAKEOFF,1,28.5604732,77.1156879,20.37,17.74,18.13,-63.71,-16.16,-113.12,-5.91,33.61,-19.73,-12.60,-7.50,-16.49,4.05,-4.05,90,-5.33,3.29,1100,1419,1100,-1.97,2.98
62.06,TAKEOFF,TAKEOFF,1,28.5604578,77.1156554,19.55,17.95,18.34,-62.56,-16.54,-121.21,-5.49,33.84,-19.02,-12.93,-9.81,-15.49,4.21,-4.21,90,-5.04,3.46,1100,1417,1100,-1.91,3.01
62.27,TAKEOFF,TAKEOFF,1,28.5604384,77.1156253,18.70,18.20,18.56,-61.30,-16.62,-129.29,-5.09,34.07,-18.33,-12.99,-11.98,-14.17,4.28,-4.28,90,-5.00,3.69,1100,1414,1100,-1.82,3.04
62.47,TAKEOFF,TAKEOFF,1,28.5604152,77.1155982,17.85,18.47,18.77,-59.97,-16.39,-137.35,-4.70,34.30,-17.70,-12.76,-13.96,-12.54,4.25,-4.25,90,-5.00,3.95,1100,1411,1100,-1.75,3.06
62.68,TAKEOFF,TAKEOFF,1,28.5603885,77.1155744,17.01,18.68,18.98,-58.64,-15.86,-145.39,-4.35,34.51,-17.13,-12.22,-15.71,-10.64,4.11,-4.11,90,-5.00,4.21,1100,1407,1100,-1.67,3.07
62.88,TAKEOFF,TAKEOFF,1,28.5603588,77.1155548,16.22,18.87,19.17,-57.36,-15.06,-153.33,-4.07,34.58,-16.64,-11.44,-17.18,-8.50,3.88,-3.88,90,-5.00,4.47,1103,1406,1100,-1.61,3.07
63.09,TAKEOFF,TAKEOFF,1,28.5603266,77.1155398,15.48,18.99,19.34,-56.20,-14.03,-161.15,-3.95,34.42,-16.21,-10.44,-18.31,-6.18,3.56,-3.56,90,-5.00,4.71,1106,1406,1100,-1.58,3.07
63.29,TAKEOFF,TAKEOFF,1,28.5602754,77.1155264,14.52,19.16,19.50,-54.77,-12.14,-172.64,-3.84,34.12,-15.73,-8.57,-19.34,-2.48,2.94,-2.94,90,-5.00,5.00,1108,1406,1100,-1.58,3.04
63.50,TAKEOFF,TAKEOFF,1,28.5602405,77.1155239,13.98,19.15,19.54,-54.04,-10.72,179.86,-3.81,33.87,-15.58,-7.18,-19.54,0.03,2.46,-2.46,90,-5.00,5.15,1109,1407,1100,-1.57,3.02
63.70,TAKEOFF,TAKEOFF,1,28.5602057,77.1155264,13.55,19.18,19.51,-53.51,-9.22,172.47,-3.80,33.57,-15.53,-5.71,-19.35,2.52,1.95,-1.95,90,-5.00,5.26,1109,1408,1100,-1.57,2.99
63.91,TAKEOFF,TAKEOFF,1,28.5601717,77.1155340,13.22,19.09,19.43,-53.18,-7.71,165.18,-3.80,33.25,-15.58,-4.21,-18.79,4.92,1.43,-1.43,90,-5.00,5.33,1108,1409,1100,-1.59,2.97
64.11,TAKEOFF,TAKEOFF,1,28.5601390,77.1155463,13.00,19.02,19.30,-53.06,-6.23,157.96,-3.82,32.90,-15.73,-2.73,-17.90,7.20,0.92,-0.92,90,-5.00,5.36,1107,1411,1100,-1.62,2.95
64.32,TAKEOFF,TAKEOFF,1,28.5601081,77.1155630,12.88,18.87,19.12,-53.12,-4.82,150.80,-3.84,32.54,-15.98,-1.32,-16.70,9.30,0.44,-0.44,90,-5.00,5.34,1104,1413,1100,-1.68,2.92
64.52,TAKEOFF,TAKEOFF,1,28.5600796,77.1155838,12.85,18.73,18.91,-53.37,-3.53,143.67,-3.88,32.17,-16.31,-0.03,-15.23,11.19,0.01,-0.01,90,-5.00,5.29,1101,1415,1100,-1.73,2.89
64.72,TAKEOFF,TAKEOFF,1,28.5600537,77.1156084,12.90,18.50,18.67,-53.78,-2.38,136.52,-3.95,31.86,-16.73,1.07,-13.53,12.86,-0.35,0.35,90,-5.00,5.21,1100,1417,1100,-1.80,2.86
64.93,TAKEOFF,TAKEOFF,1,28.5600310,77.1156363,13.01,18.28,18.44,-54.35,-1.41,129.40,-4.16,31.50,-17.19,2.02,-11.65,14.28,-0.65,0.65,90,0.04,4.06,1100,1421,1100,-1.89,2.79
65.13,TAKEOFF,TAKEOFF,1,28.5600117,77.1156669,13.17,18.11,18.20,-55.09,-0.67,122.29,-4.43,31.09,-17.68,2.77,-9.62,15.44,-0.88,0.88,90,0.72,3.78,1100,1423,1100,-1.99,2.74
65.34,TAKEOFF,TAKEOFF,1,28.5599962,77.1156997,13.37,17.85,17.97,-55.97,-0.14,115.16,-4.73,30.85,-18.24,3.28,-7.48,16.34,-1.03,1.03,90,2.01,3.37,1100,1425,1100,-2.08,2.68
65.54,TAKEOFF,TAKEOFF,1,28.5599846,77.1157338,13.59,17.66,17.75,-56.95,0.17,107.98,-5.06,30.68,-18.84,3.55,-5.27,16.94,-1.10,1.10,90,3.68,2.88,1100,1426,1100,-2.16,2.62
65.75,TAKEOFF,TAKEOFF,1,28.5599771,77.1157686,13.82,17.48,17.54,-58.01,0.23,100.76,-5.41,30.53,-19.48,3.59,-3.01,17.27,-1.10,1.10,90,5.00,2.47,1100,1428,1100,-2.21,2.59
65.95,TAKEOFF,TAKEOFF,1,28.5599736,77.1158038,14.04,17.23,17.35,-59.14,0.04,93.50,-5.76,30.50,-20.13,3.37,-0.75,17.33,-1.02,1.02,90,5.00,2.28,1100,1428,1100,-2.26,2.56
66.16,TAKEOFF,TAKEOFF,1,28.5599741,77.1158389,14.23,17.05,17.20,-60.30,-0.41,86.17,-6.11,30.61,-20.75,2.90,1.49,17.13,-0.87,0.87,90,5.00,2.09,1100,1428,1100,-2.30,2.54
66.36,TAKEOFF,TAKEOFF,1,28.5599787,77.1158733,14.39,16.89,17.09,-61.45,-1.10,78.77,-6.44,30.74,-21.33,2.15,3.70,16.68,-0.64,0.64,90,5.00,1.91,1100,1428,1100,-2.32,2.54
66.56,TAKEOFF,TAKEOFF,1,28.5599870,77.1159065,14.49,16.74,17.02,-62.56,-2.02,71.30,-6.73,30.96,-21.84,1.21,5.85,15.97,-0.36,0.36,90,5.00,1.74,1100,1427,1100,-2.34,2.55
66.77,TAKEOFF,TAKEOFF,1,28.5599993,77.1159383,14.54,16.64,16.98,-63.60,-3.14,63.72,-6.98,31.24,-22.25,0.07,7.92,15.02,-0.02,0.02,90,5.00,1.59,1100,1425,1100,-2.32,2.59
66.97,TAKEOFF,TAKEOFF,1,28.5600153,77.1159681,14.49,16.67,17.00,-64.51,-4.43,56.11,-7.17,31.57,-22.56,-1.21,9.88,13.83,0.36,-0.36,90,5.00,1.47,1100,1424,1100,-2.34,2.59
67.18,TAKEOFF,TAKEOFF,1,28.5600347,77.1159952,14.37,16.61,17.06,-65.28,-5.86,48.41,-7.30,31.94,-22.72,-2.65,11.70,12.41,0.79,-0.79,90,5.00,1.36,1100,1423,1100,-2.33,2.62
67.38,TAKEOFF,TAKEOFF,1,28.5600574,77.1160192,14.15,16.64,17.15,-65.85,-7.36,40.64,-7.35,32.30,-22.74,-4.14,13.34,10.75,1.24,-1.24,90,5.00,1.29,1100,1421,1100,-2.30,2.68
67.59,TAKEOFF,TAKEOFF,1,28.5600828,77.1160396,13.84,16.75,17.26,-66.22,-8.87,32.78,-7.32,32.63,-22.60,-5.63,14.79,8.89,1.70,-1.70,90,5.00,1.24,1100,1421,1100,-2.25,2.74
67.79,TAKEOFF,TAKEOFF,1,28.5601104,77.1160558,13.45,16.88,17.38,-66.34,-10.35,24.87,-7.21,32.78,-22.33,-7.05,15.98,6.82,2.15,-2.15,90,5.00,1.22,1100,1422,1100,-2.20,2.81
67.99,TAKEOFF,TAKEOFF,1,28.5601398,77.1160675,12.97,17.07,17.52,-66.23,-11.74,16.94,-7.02,32.94,-21.92,-8.38,16.90,4.60,2.58,-2.58,90,5.00,1.24,1100,1422,1100,-2.14,2.91
68.20,TAKEOFF,TAKEOFF,1,28.5601861,77.1160762,12.10,17.31,17.76,-65.63,-13.57,4.95,-6.62,33.29,-21.12,-10.13,17.72,1.03,3.17,-3.17,90,5.00,1.32,1100,1421,1100,-2.04,3.02
68.40,TAKEOFF,TAKEOFF,1,28.5602179,77.1160759,11.44,17.51,17.93,-64.96,-14.55,-3.09,-6.29,33.44,-20.51,-11.02,17.87,-1.43,3.49,-3.49,90,-5.00,3.00,1100,1420,1100,-1.97,3.08
68.61,TAKEOFF,TAKEOFF,1,28.5602496,77.1160706,10.71,17.74,18.12,-64.10,-15.29,-11.15,-5.94,33.72,-19.86,-11.73,17.68,-3.92,3.76,-3.76,90,-5.00,3.16,1100,1418,1100,-1.90,3.13
68.81,TAKEOFF,TAKEOFF,1,28.5602810,77.1160600,9.93,18.01,18.32,-63.07,-15.77,-19.28,-5.57,33.95,-19.21,-12.17,17.16,-6.40,3.95,-3.95,90,-5.00,3.35,1100,1416,1100,-1.80,3.18
69.01,TAKEOFF,TAKEOFF,1,28.5603112,77.1160443,9.13,18.25,18.54,-61.93,-15.98,-27.37,-5.19,34.16,-18.57,-12.33,16.30,-8.81,4.05,-4.05,90,-5.00,3.57,1100,1414,1100,-1.73,3.21
69.22,TAKEOFF,TAKEOFF,1,28.5603396,77.1160237,8.31,18.48,18.75,-60.72,-15.90,-35.44,-4.84,34.33,-17.97,-12.25,15.11,-11.10,4.07,-4.07,90,-5.00,3.80,1100,1411,1100,-1.66,3.23
69.42,TAKEOFF,TAKEOFF,1,28.5603656,77.1159986,7.49,18.64,18.96,-59.48,-15.54,-43.47,-4.50,34.51,-17.43,-11.89,13.59,-13.20,3.99,-3.99,90,-5.00,4.05,1100,1408,1100,-1.55,3.25
69.63,TAKEOFF,TAKEOFF,1,28.5603885,77.1159696,6.71,18.85,19.14,-58.25,-14.90,-51.45,-4.20,34.64,-16.95,-11.26,11.79,-15.07,3.81,-3.81,90,-5.00,4.29,1100,1406,1100,-1.47,3.26
69.83,TAKEOFF,TAKEOFF,1,28.5604078,77.1159373,5.97,18.97,19.29,-57.08,-14.01,-59.34,-3.95,34.53,-16.55,-10.40,9.74,-16.64,3.54,-3.54,90,-5.00,4.53,1100,1406,1100,-1.39,3.27
70.04,TAKEOFF,TAKEOFF,1,28.5604232,77.1159022,5.31,19.08,19.39,-56.03,-12.93,-67.10,-3.75,34.37,-16.22,-9.32,7.49,-17.88,3.18,-3.18,90,-5.00,4.74,1100,1405,1100,-1.32,3.27
70.24,TAKEOFF,TAKEOFF,1,28.5604344,77.1158650,4.72,19.14,19.45,-55.12,-11.69,-74.74,-3.59,34.18,-15.99,-8.11,5.09,-18.77,2.77,-2.77,90,-5.00,4.93,1101,1406,1100,-1.29,3.26
70.45,TAKEOFF,TAKEOFF,1,28.5604413,77.1158264,4.22,19.16,19.46,-54.38,-10.35,-82.26,-3.52,33.86,-15.84,-6.77,2.62,-19.28,2.31,-2.31,90,-5.00,5.08,1101,1406,1100,-1.28,3.25
70.65,TAKEOFF,TAKEOFF,1,28.5604438,77.1157870,3.81,19.12,19.43,-53.83,-8.94,-89.68,-3.49,33.58,-15.78,-5.38,0.12,-19.42,1.83,-1.83,90,-5.00,5.20,1101,1407,1100,-1.30,3.22
70.86,TAKEOFF,TAKEOFF,1,28.5604418,77.1157477,3.50,19.07,19.35,-53.47,-7.51,-97.00,-3.49,33.27,-15.82,-3.99,-2.33,-19.20,1.35,-1.35,90,-5.00,5.27,1100,1409,1100,-1.32,3.20
71.06,TAKEOFF,TAKEOFF,1,28.5604355,77.1157089,3.29,18.98,19.23,-53.30,-6.10,-104.28,-3.50,32.94,-15.96,-2.59,-4.72,-18.63,0.87,-0.87,90,-5.00,5.31,1100,1410,1100,-1.37,3.16
71.27,TAKEOFF,TAKEOFF,1,28.5604250,77.1156715,3.17,18.81,19.07,-53.34,-4.78,-111.48,-3.61,32.56,-16.17,-1.26,-6.98,-17.74,0.42,-0.42,90,-5.00,5.30,1100,1412,1100,-1.46,3.10
71.47,TAKEOFF,TAKEOFF,1,28.5604104,77.1156361,3.14,18.65,18.89,-53.56,-3.56,-118.65,-3.77,32.21,-16.46,-0.06,-9.07,-16.56,0.02,-0.02,90,-5.00,5.25,1100,1414,1100,-1.53,3.05
71.68,TAKEOFF,TAKEOFF,1,28.5603923,77.1156034,3.18,18.52,18.69,-53.96,-2.46,-125.80,-3.96,31.92,-16.83,0.98,-10.97,-15.12,-0.32,0.32,90,-5.00,5.17,1100,1416,1100,-1.61,3.00
71.88,TAKEOFF,TAKEOFF,1,28.5603710,77.1155740,3.29,18.32,18.46,-54.53,-1.52,-132.95,-4.20,31.61,-17.28,1.92,-12.63,-13.45,-0.62,0.62,90,-5.00,5.05,1100,1418,1100,-1.71,2.93
72.09,TAKEOFF,TAKEOFF,1,28.5603472,77.1155484,3.45,18.12,18.21,-55.25,-0.76,-140.12,-4.47,31.37,-17.79,2.64,-14.04,-11.58,-0.84,0.84,90,-5.00,4.90,1100,1419,1100,-1.77,2.88
72.29,TAKEOFF,TAKEOFF,1,28.5603212,77.1155269,3.65,17.90,17.96,-56.10,-0.21,-147.32,-4.78,31.16,-18.36,3.19,-15.19,-9.57,-1.00,1.00,90,-5.00,4.73,1100,1421,1100,-1.83,2.83
72.50,TAKEOFF,TAKEOFF,1,28.5602789,77.1155025,3.98,17.49,17.61,-57.60,0.17,-158.20,-5.28,30.97,-19.27,3.54,-16.42,-6.34,-1.09,1.09,90,-5.00,4.42,1100,1422,1100,-1.95,2.75
72.70,TAKEOFF,TAKEOFF,1,28.5602492,77.1154918,4.20,17.29,17.41,-58.71,0.12,-165.53,-5.62,30.97,-19.91,3.45,-16.91,-4.11,-1.05,1.05,90,-5.00,4.20,1100,1423,1100,-2.05,2.69
72.90,TAKEOFF,TAKEOFF,1,28.5602189,77.1154857,4.39,17.11,17.25,-59.86,-0.20,-172.91,-5.97,30.98,-20.54,3.09,-17.14,-1.83,-0.93,0.93,90,-5.00,3.97,1100,1423,1100,-2.13,2.64
73.11,TAKEOFF,TAKEOFF,1,28.5601879,77.1154843,4.56,16.97,17.13,-61.04,-0.78,179.61,-6.30,31.14,-21.14,2.47,-17.12,0.45,-0.74,0.74,90,-5.00,3.74,1100,1422,1100,-2.20,2.59
73.31,TAKEOFF,TAKEOFF,1,28.5601571,77.1154875,4.68,16.80,17.05,-62.19,-1.59,172.07,-6.61,31.35,-21.68,1.61,-16.83,2.73,-0.48,0.48,90,-5.00,3.52,1100,1421,1100,-2.29,2.53
73.52,TAKEOFF,TAKEOFF,1,28.5601271,77.1154953,4.73,16.71,17.02,-63.27,-2.62,164.47,-6.88,31.61,-22.14,0.54,-16.28,4.96,-0.16,0.16,90,-5.00,3.32,1100,1420,1100,-2.33,2.50
74.12,TAKEOFF,TAKEOFF,1,28.5601125,77.1155010,4.72,16.66,17.02,-63.77,-3.21,160.63,-7.00,31.76,-22.34,-0.03,-15.90,6.05,0.01,-0.01,90,-5.00,3.22,1100,1419,1100,-2.36,2.49
74.33,TAKEOFF,TAKEOFF,1,28.5600846,77.1155155,4.68,16.66,17.03,-64.67,-4.49,152.91,-7.19,32.09,-22.64,-1.35,-14.94,8.16,0.40,-0.40,90,-5.00,3.06,1100,1418,1100,-2.38,2.49
74.53,TAKEOFF,TAKEOFF,1,28.5600589,77.1155341,4.55,16.67,17.07,-65.41,-5.88,145.11,-7.31,32.45,-22.79,-2.72,-13.72,10.14,0.81,-0.81,90,0.00,2.07,1100,1418,1100,-2.37,2.52
74.74,TAKEOFF,TAKEOFF,1,28.5600357,77.1155565,4.34,16.73,17.13,-65.96,-7.34,137.24,-7.36,32.70,-22.81,-4.18,-12.24,11.97,1.25,-1.25,90,0.46,1.92,1100,1417,1100,-2.36,2.58
74.94,TAKEOFF,TAKEOFF,1,28.5600153,77.1155824,4.04,16.78,17.22,-66.31,-8.83,129.32,-7.32,32.96,-22.66,-5.61,-10.52,13.62,1.69,-1.69,90,1.64,1.69,1100,1418,1100,-2.34,2.64
75.14,TAKEOFF,TAKEOFF,1,28.5599983,77.1156115,3.65,16.86,17.33,-66.43,-10.31,121.36,-7.22,33.08,-22.38,-7.04,-8.59,15.04,2.14,-2.14,90,3.32,1.43,1100,1418,1100,-2.33,2.70
75.35,TAKEOFF,TAKEOFF,1,28.5599848,77.1156433,3.18,17.00,17.46,-66.32,-11.70,113.36,-7.03,33.28,-21.97,-8.38,-6.47,16.21,2.57,-2.57,90,5.00,1.23,1100,1418,1100,-2.31,2.78
75.55,TAKEOFF,TAKEOFF,1,28.5599752,77.1156772,2.62,17.21,17.62,-65.98,-12.97,105.32,-6.77,33.49,-21.45,-9.57,-4.19,17.11,2.97,-2.97,90,5.00,1.27,1100,1418,1100,-2.28,2.84
75.76,TAKEOFF,TAKEOFF,1,28.5599698,77.1157129,1.98,17.45,17.80,-65.40,-14.06,97.21,-6.47,33.67,-20.86,-10.60,-1.77,17.71,3.33,-3.33,90,5.00,1.35,1100,1417,1100,-2.23,2.90
75.96,TAKEOFF,TAKEOFF,1,28.5599688,77.1157497,1.27,17.69,18.00,-64.63,-14.93,89.10,-6.12,33.88,-20.22,-11.44,0.71,17.98,3.64,-3.64,90,5.00,1.45,1100,1416,1100,-2.17,2.96
76.17,TAKEOFF,TAKEOFF,1,28.5599723,77.1157868,0.51,17.95,18.22,-63.68,-15.55,80.97,-5.75,34.12,-19.56,-12.00,3.25,17.92,3.87,-3.87,90,5.00,1.58,1100,1414,1100,-2.10,3.01
76.37,TAKEOFF,TAKEOFF,1,28.5599805,77.1158234,-0.29,18.19,18.44,-62.58,-15.90,72.82,-5.38,34.34,-18.91,-12.30,5.78,17.50,4.02,-4.02,90,5.00,1.74,1100,1412,1100,-2.02,3.05
76.58,TAKEOFF,TAKEOFF,1,28.5599899,77.1158592,-0.34,18.04,18.13,-8.33,1.13,71.00,94.77,33.61,18.35,5.64,4.99,17.43,-1.79,1.79,90,5.00,11.36,1100,1420,1279,-3.16,3.24
76.78,TAKEOFF,TAKEOFF,1,28.5599981,77.1158945,0.22,17.82,17.78,0.25,6.64,72.35,20.62,22.78,3.15,7.88,4.60,17.16,-2.46,2.46,90,5.00,11.91,1166,1443,1226,-1.58,2.38
76.98,TAKEOFF,TAKEOFF,1,28.5600058,77.1159290,0.82,17.60,17.19,2.95,11.01,73.39,9.46,21.91,10.21,10.93,4.38,16.62,-3.32,3.32,90,5.00,14.98,1301,1450,1418,0.50,2.24
77.19,TAKEOFF,TAKEOFF,1,28.5600132,77.1159622,1.67,17.30,16.49,6.10,15.15,76.39,13.94,21.31,9.26,16.27,3.93,16.01,-4.81,4.81,90,5.00,14.99,1427,1467,1538,-0.50,-0.52
77.39,TAKEOFF,TAKEOFF,1,28.5600196,77.1159941,2.77,16.92,15.65,8.38,19.16,77.25,5.91,19.57,-3.65,20.66,3.19,15.32,-5.90,5.90,90,5.00,14.94,1543,1485,1549,-1.09,0.24
77.60,TAKEOFF,TAKEOFF,1,28.5600247,77.1160246,4.05,16.52,14.72,8.16,23.03,76.42,-3.09,17.90,-7.60,24.41,2.54,14.50,-6.68,6.68,90,5.00,14.95,1572,1505,1544,-1.36,2.39
77.80,TAKEOFF,TAKEOFF,1,28.5600290,77.1160534,5.47,15.95,13.72,6.82,26.55,75.60,-5.21,16.01,-3.96,28.02,2.06,13.56,-7.30,7.30,90,4.75,14.26,1539,1531,1543,-1.72,4.65
78.00,TAKEOFF,TAKEOFF,1,28.5600326,77.1160804,6.99,15.31,12.70,6.00,29.49,75.58,-2.70,13.60,-0.67,31.31,1.69,12.58,-7.72,7.72,90,3.52,13.37,1547,1559,1584,-2.09,5.27
78.21,TAKEOFF,TAKEOFF,1,28.5600369,77.1161172,9.37,14.30,11.24,5.52,32.96,75.69,-1.50,9.84,-0.95,35.28,1.22,11.17,-7.95,7.95,90,2.22,12.03,1591,1607,1629,-2.77,5.99
78.41,TAKEOFF,TAKEOFF,1,28.5600393,77.1161394,10.96,13.60,10.33,5.35,34.62,75.94,-1.06,7.32,1.74,37.39,1.04,10.27,-7.89,7.89,90,1.65,11.95,1619,1638,1693,-3.17,6.08
78.62,TAKEOFF,TAKEOFF,1,28.5600414,77.1161596,12.53,12.90,9.48,6.10,35.70,77.21,1.63,4.83,7.35,39.00,1.00,9.43,-7.68,7.68,90,1.28,11.91,1675,1671,1831,-3.66,4.58
78.82,TAKEOFF,TAKEOFF,1,28.5600436,77.1161780,14.04,12.12,8.70,8.72,36.07,80.30,6.32,2.37,16.12,40.14,1.05,8.63,-7.33,7.33,90,1.07,11.78,1819,1703,1900,-3.97,1.53
79.03,TAKEOFF,TAKEOFF,1,28.5600458,77.1161950,15.46,11.32,8.06,12.66,35.62,84.60,7.30,0.01,17.56,40.48,0.90,8.00,-6.87,6.87,90,0.88,11.49,1900,1732,1900,-4.18,-1.76
79.23,TAKEOFF,TAKEOFF,1,28.5600475,77.1162109,16.79,10.57,7.57,16.09,34.57,88.25,6.23,-2.45,14.15,39.89,0.56,7.54,-6.32,6.32,90,0.62,11.14,1900,1760,1900,-4.28,-3.99
79.43,TAKEOFF,TAKEOFF,1,28.5600484,77.1162260,17.99,9.87,7.21,18.53,33.13,90.74,4.53,-4.76,10.53,38.51,0.16,7.20,-5.73,5.73,90,0.39,10.83,1900,1783,1900,-4.27,-4.01
79.64,TAKEOFF,TAKEOFF,1,28.5600487,77.1162405,19.07,9.16,6.98,20.09,31.38,92.36,2.85,-6.83,8.75,36.23,-0.22,6.97,-5.11,5.11,90,0.22,10.61,1900,1802,1900,-4.16,-3.06
79.84,TAKEOFF,TAKEOFF,1,28.5600482,77.1162549,20.03,8.67,6.86,21.15,29.28,93.63,1.85,-8.53,9.12,33.17,-0.58,6.83,-4.48,4.48,90,0.11,10.45,1900,1813,1900,-3.77,-1.15
80.05,TAKEOFF,TAKEOFF,1,28.5600472,77.1162690,20.86,8.16,6.84,22.12,26.80,94.99,1.80,-9.75,11.15,29.53,-0.92,6.77,-3.87,3.87,90,0.05,10.30,1900,1811,1900,-3.30,0.27
80.25,TAKEOFF,TAKEOFF,1,28.5600454,77.1162832,21.57,7.80,6.91,23.29,23.94,96.73,2.63,-10.29,14.16,25.41,-1.25,6.79,-3.28,3.28,90,0.01,10.12,1900,1796,1900,-2.68,1.42
80.46,TAKEOFF,TAKEOFF,1,28.5600430,77.1162974,22.16,7.53,7.06,24.82,20.76,99.00,4.10,-9.97,17.58,21.02,-1.60,6.87,-2.71,2.71,90,0.00,9.88,1900,1764,1900,-1.74,2.44
80.66,TAKEOFF,TAKEOFF,1,28.5600400,77.1163117,22.64,7.45,7.29,26.75,17.35,101.85,5.95,-9.04,21.07,16.59,-2.01,7.00,-2.17,2.17,90,-5.74,8.53,1900,1729,1900,-1.04,2.81
80.87,TAKEOFF,TAKEOFF,1,28.5600361,77.1163263,23.01,7.39,7.59,29.07,13.80,105.29,7.93,-6.82,24.42,12.28,-2.49,7.16,-1.65,1.65,90,-5.90,9.48,1900,1648,1900,-0.43,2.92
81.07,TAKEOFF,TAKEOFF,1,28.5600313,77.1163412,23.28,7.58,7.97,31.72,10.36,109.44,9.81,-2.66,27.57,8.22,-3.08,7.34,-1.15,1.15,90,-3.13,10.10,1900,1578,1900,0.38,2.74
81.27,TAKEOFF,TAKEOFF,1,28.5600253,77.1163564,23.46,7.85,8.40,34.60,7.10,114.34,11.47,1.47,30.43,4.63,-3.81,7.48,-0.68,0.68,90,-0.22,10.11,1900,1517,1900,0.91,2.39
81.48,TAKEOFF,TAKEOFF,1,28.5600178,77.1163718,23.54,8.19,8.89,37.59,3.96,119.95,12.90,5.58,32.86,1.48,-4.69,7.54,-0.23,0.23,90,2.72,10.09,1900,1466,1900,1.28,1.89
81.68,TAKEOFF,TAKEOFF,1,28.5600085,77.1163872,23.54,8.54,9.42,40.55,0.91,126.22,14.02,9.75,34.68,-1.16,-5.72,7.48,0.19,-0.19,90,5.62,10.08,1900,1424,1900,1.52,1.07
81.89,TAKEOFF,TAKEOFF,1,28.5599972,77.1164023,23.45,9.02,9.99,43.39,-2.05,133.10,14.76,13.72,35.70,-3.61,-6.89,7.22,0.63,-0.63,90,6.26,9.53,1900,1394,1900,1.59,0.35
82.09,TAKEOFF,TAKEOFF,1,28.5599835,77.1164167,23.27,9.57,10.58,45.95,-4.87,140.41,15.08,16.94,35.79,-5.78,-8.16,6.73,1.07,-1.07,90,6.20,7.09,1900,1394,1900,1.53,-0.28
82.30,TAKEOFF,TAKEOFF,1,28.5599675,77.1164298,23.00,10.23,11.20,48.15,-7.57,147.95,14.96,19.51,34.95,-7.73,-9.46,5.98,1.52,-1.52,90,6.11,6.61,1900,1384,1900,1.23,-1.05
82.50,TAKEOFF,TAKEOFF,1,28.5599491,77.1164410,22.64,10.84,11.82,49.92,-10.00,155.69,14.36,22.09,33.36,-9.52,-10.73,4.94,1.98,-1.98,90,6.01,6.22,1900,1381,1900,0.97,-1.49
82.71,TAKEOFF,TAKEOFF,1,28.5599175,77.1164529,21.92,11.80,12.75,51.66,-12.87,167.50,12.78,25.24,30.23,-11.67,-12.41,2.86,2.63,-2.63,90,5.89,5.83,1900,1385,1900,0.59,-1.94
82.91,TAKEOFF,TAKEOFF,1,28.5598944,77.1164568,21.35,12.43,13.34,52.23,-14.24,175.41,11.56,26.49,28.12,-12.67,-13.29,1.18,3.00,-3.00,90,5.68,5.67,1900,1385,1900,0.36,-2.09
83.11,TAKEOFF,TAKEOFF,1,28.5598701,77.1164570,20.72,13.05,13.92,52.41,-15.19,-176.71,10.36,27.66,26.22,-13.38,-13.90,-0.69,3.31,-3.31,90,5.37,5.57,1900,1385,1900,0.06,-2.17
83.32,TAKEOFF,TAKEOFF,1,28.5598450,77.1164533,20.04,13.67,14.48,52.27,-15.72,-168.82,9.28,28.84,24.60,-13.75,-14.22,-2.69,3.54,-3.54,90,5.26,5.58,1900,1383,1900,-0.11,-2.21
83.52,TAKEOFF,TAKEOFF,1,28.5598196,77.1164453,19.32,14.28,15.02,51.88,-15.84,-160.93,8.34,29.90,23.20,-13.70,-14.23,-4.78,3.66,-3.66,90,5.00,5.60,1900,1380,1900,-0.23,-2.25
83.73,TAKEOFF,TAKEOFF,1,28.5597945,77.1164331,18.60,14.83,15.52,51.33,-15.57,-153.05,7.52,30.79,21.95,-13.34,-13.90,-6.89,3.68,-3.68,90,1.88,5.07,1900,1380,1900,-0.33,-2.29
83.93,TAKEOFF,TAKEOFF,1,28.5597702,77.1164163,17.88,15.32,16.00,50.71,-14.97,-145.22,6.80,31.00,20.82,-12.65,-13.23,-8.98,3.59,-3.59,90,-3.76,4.05,1900,1384,1900,-0.43,-2.31
84.14,TAKEOFF,TAKEOFF,1,28.5597474,77.1163954,17.19,15.71,16.43,50.10,-14.13,-137.57,6.18,31.15,19.83,-11.73,-12.24,-10.95,3.41,-3.41,90,-5.00,3.93,1900,1385,1900,-0.56,-2.32
84.34,TAKEOFF,TAKEOFF,1,28.5597267,77.1163706,16.54,16.04,16.80,49.53,-13.05,-130.04,5.64,31.38,19.02,-10.59,-10.94,-12.74,3.14,-3.14,90,-5.00,4.04,1900,1386,1900,-0.72,-2.30
84.55,TAKEOFF,TAKEOFF,1,28.5597085,77.1163424,15.97,16.42,17.12,49.03,-11.77,-122.63,5.23,31.51,18.40,-9.26,-9.38,-14.31,2.79,-2.79,90,-5.00,4.14,1894,1388,1900,-0.80,-2.28
84.75,TAKEOFF,TAKEOFF,1,28.5596935,77.1163115,15.48,16.67,17.35,48.67,-10.33,-115.33,5.18,31.48,17.92,-7.81,-7.59,-15.60,2.38,-2.38,90,-5.00,4.21,1887,1390,1900,-0.88,-2.26
84.96,TAKEOFF,TAKEOFF,1,28.5596819,77.1162786,15.09,16.87,17.51,48.53,-8.80,-108.15,5.28,31.34,17.54,-6.26,-5.63,-16.57,1.92,-1.92,90,-5.00,4.24,1880,1393,1900,-0.98,-2.22
85.16,TAKEOFF,TAKEOFF,1,28.5596740,77.1162441,14.78,16.93,17.58,48.60,-7.23,-101.07,5.41,31.16,17.35,-4.69,-3.54,-17.21,1.44,-1.44,90,-5.00,4.22,1876,1396,1900,-1.07,-2.18
85.37,TAKEOFF,TAKEOFF,1,28.5596699,77.1162089,14.58,16.97,17.59,48.91,-5.70,-94.05,5.54,30.93,17.35,-3.12,-1.38,-17.53,0.96,-0.96,90,-5.00,4.16,1874,1398,1900,-1.17,-2.13
85.57,TAKEOFF,TAKEOFF,1,28.5596696,77.1161733,14.46,17.01,17.54,49.42,-4.27,-87.07,5.67,30.71,17.52,-1.67,0.78,-17.51,0.51,-0.51,90,-5.00,4.06,1874,1402,1900,-1.32,-2.07
85.77,TAKEOFF,TAKEOFF,1,28.5596732,77.1161381,14.43,16.95,17.44,50.13,-2.99,-80.08,5.82,30.48,17.83,-0.36,2.93,-17.18,0.11,-0.11,90,-5.00,3.92,1875,1405,1900,-1.43,-2.02
85.98,TAKEOFF,TAKEOFF,1,28.5596805,77.1161039,14.47,16.89,17.30,51.01,-1.89,-73.08,5.97,30.27,18.24,0.73,5.01,-16.56,-0.22,0.22,90,-5.00,3.75,1876,1407,1900,-1.55,-1.99
86.18,TAKEOFF,TAKEOFF,1,28.5596914,77.1160710,14.58,16.81,17.16,52.05,-1.01,-66.01,6.13,30.13,18.74,1.64,7.00,-15.66,-0.49,0.49,90,-5.00,3.55,1878,1410,1900,-1.71,-1.94
86.39,TAKEOFF,TAKEOFF,1,28.5597059,77.1160401,14.73,16.70,17.01,53.22,-0.38,-58.90,6.29,30.03,19.31,2.29,8.85,-14.52,-0.68,0.68,90,-5.00,3.33,1882,1412,1900,-1.83,-1.90
86.59,TAKEOFF,TAKEOFF,1,28.5597235,77.1160118,14.90,16.54,16.87,54.48,-0.02,-51.73,6.44,29.98,19.95,2.65,10.55,-13.15,-0.78,0.78,90,-5.00,3.09,1886,1413,1900,-1.94,-1.86
86.80,TAKEOFF,TAKEOFF,1,28.5597441,77.1159864,15.09,16.41,16.74,55.80,0.08,-44.47,6.60,30.00,20.63,2.74,12.07,-11.58,-0.80,0.80,90,-5.00,2.85,1890,1414,1900,-2.06,-1.84
87.00,TAKEOFF,TAKEOFF,1,28.5597671,77.1159645,15.28,16.29,16.62,57.14,-0.09,-37.13,6.74,30.14,21.32,2.58,13.39,-9.84,-0.75,0.75,90,-5.00,2.62,1896,1414,1900,-2.12,-1.84
87.21,TAKEOFF,TAKEOFF,1,28.5597920,77.1159466,15.44,16.17,16.52,58.46,-0.52,-29.68,6.85,30.31,22.00,2.15,14.48,-7.94,-0.62,0.62,90,-5.00,2.39,1900,1414,1900,-2.15,-1.87
87.41,TAKEOFF,TAKEOFF,1,28.5598323,77.1159272,15.63,16.00,16.41,60.34,-1.63,-18.35,7.16,30.70,22.89,1.08,15.67,-4.86,-0.31,0.31,90,-5.00,2.08,1900,1413,1900,-2.17,-1.98
87.62,TAKEOFF,TAKEOFF,1,28.5598606,77.1159196,15.69,15.96,16.38,61.51,-2.65,-10.69,7.42,31.04,23.33,0.07,16.16,-2.70,-0.02,0.02,90,-5.00,1.90,1900,1411,1900,-2.16,-2.08
87.82,TAKEOFF,TAKEOFF,1,28.5598895,77.1159165,15.68,15.94,16.39,62.58,-3.86,-2.95,7.62,31.44,23.66,-1.05,16.38,-0.47,0.30,-0.30,90,-5.00,1.74,1900,1410,1900,-2.14,-2.17
88.03,TAKEOFF,TAKEOFF,1,28.5599187,77.1159180,15.59,15.92,16.43,63.50,-5.22,4.88,7.76,31.89,23.88,-2.37,16.33,1.78,0.68,-0.68,90,-5.00,1.61,1900,1408,1900,-2.10,-2.27
88.23,TAKEOFF,TAKEOFF,1,28.5599478,77.1159240,15.43,15.97,16.52,64.25,-6.69,12.84,7.83,32.35,23.95,-3.81,16.01,4.05,1.10,-1.10,90,-5.00,1.50,1900,1406,1900,-2.04,-2.40
88.43,TAKEOFF,TAKEOFF,1,28.5599762,77.1159348,15.16,16.07,16.64,64.79,-8.21,20.85,7.82,32.82,23.87,-5.29,15.39,6.30,1.54,-1.54,90,-5.00,1.43,1900,1404,1900,-1.97,-2.51
88.64,TAKEOFF,TAKEOFF,1,28.5600031,77.1159501,14.82,16.18,16.78,65.10,-9.72,28.96,7.73,33.19,23.63,-6.73,14.47,8.47,1.98,-1.98,90,-5.00,1.39,1900,1405,1900,-1.90,-2.63
88.84,TAKEOFF,TAKEOFF,1,28.5600282,77.1159698,14.38,16.34,16.94,65.15,-11.18,37.11,7.57,33.40,23.25,-8.10,13.26,10.53,2.41,-2.41,90,5.00,2.97,1900,1405,1900,-1.80,-2.79
89.05,TAKEOFF,TAKEOFF,1,28.5600505,77.1159933,13.86,16.51,17.11,64.96,-12.51,45.31,7.33,33.65,22.74,-9.33,11.75,12.42,2.81,-2.81,90,5.00,3.00,1900,1405,1900,-1.72,-2.91
89.25,TAKEOFF,TAKEOFF,1,28.5600699,77.1160203,13.27,16.75,17.28,64.52,-13.66,53.56,7.02,33.89,22.14,-10.40,9.97,14.10,3.17,-3.17,90,5.00,3.08,1900,1404,1900,-1.62,-3.03
89.46,TAKEOFF,TAKEOFF,1,28.5600857,77.1160504,12.61,16.95,17.46,63.86,-14.60,61.84,6.70,34.18,21.48,-11.27,7.96,15.54,3.48,-3.48,90,5.00,3.20,1897,1403,1900,-1.48,-3.16
89.66,TAKEOFF,TAKEOFF,1,28.5600978,77.1160831,11.89,17.24,17.65,63.03,-15.29,70.15,6.45,34.44,20.77,-11.90,5.73,16.69,3.72,-3.72,90,5.00,3.36,1894,1401,1900,-1.36,-3.24
89.86,TAKEOFF,TAKEOFF,1,28.5601058,77.1161179,11.14,17.49,17.85,62.07,-15.71,78.47,6.20,34.71,20.05,-12.27,3.34,17.53,3.88,-3.88,90,5.00,3.54,1890,1399,1900,-1.25,-3.31
90.07,TAKEOFF,TAKEOFF,1,28.5601094,77.1161541,10.37,17.73,18.05,61.02,-15.84,86.78,6.00,34.97,19.36,-12.37,0.84,18.03,3.96,-3.96,90,5.00,3.74,1886,1397,1900,-1.11,-3.38
90.27,TAKEOFF,TAKEOFF,1,28.5601085,77.1161911,9.58,18.01,18.25,59.95,-15.68,95.10,5.84,35.17,18.72,-12.22,-1.74,18.16,3.95,-3.95,90,5.00,3.95,1882,1394,1900,-1.01,-3.41
90.48,TAKEOFF,TAKEOFF,1,28.5601030,77.1162282,8.81,18.20,18.44,58.90,-15.26,103.35,5.71,35.39,18.16,-11.80,-4.33,17.92,3.85,-3.85,90,5.00,4.16,1878,1391,1900,-0.93,-3.43
90.69,TAKEOFF,TAKEOFF,1,28.5600927,77.1162645,8.06,18.31,18.63,57.93,-14.61,111.54,5.62,35.46,17.68,-11.15,-6.86,17.31,3.67,-3.67,90,5.00,4.36,1875,1390,1900,-0.84,-3.44
90.89,TAKEOFF,TAKEOFF,1,28.5600779,77.1162992,7.35,18.49,18.78,57.07,-13.76,119.65,5.55,35.41,17.29,-10.32,-9.28,16.32,3.42,-3.42,90,5.00,4.53,1873,1390,1900,-0.80,-3.44
91.10,TAKEOFF,TAKEOFF,1,28.5600592,77.1163313,6.71,18.56,18.89,56.34,-12.74,127.65,5.47,35.26,17.02,-9.32,-11.51,14.97,3.10,-3.10,90,5.00,4.68,1871,1390,1900,-0.77,-3.44
91.30,TAKEOFF,TAKEOFF,1,28.5600368,77.1163602,6.13,18.63,18.95,55.75,-11.61,135.55,5.43,35.10,16.84,-8.20,-13.48,13.31,2.73,-2.73,90,5.00,4.80,1870,1391,1900,-0.76,-3.42
91.51,TAKEOFF,TAKEOFF,1,28.5600111,77.1163853,5.64,18.68,18.97,55.34,-10.40,143.35,5.42,34.87,16.75,-7.01,-15.17,11.37,2.33,-2.33,90,5.00,4.88,1870,1391,1900,-0.77,-3.41
91.71,TAKEOFF,TAKEOFF,1,28.5599677,77.1164151,5.05,18.63,18.91,55.05,-8.58,154.91,5.42,34.54,16.79,-5.17,-17.09,8.08,1.71,-1.71,90,5.00,4.94,1870,1393,1900,-0.83,-3.36
91.92,TAKEOFF,TAKEOFF,1,28.5599363,77.1164291,4.75,18.55,18.83,55.08,-7.40,162.55,5.44,34.27,16.94,-3.98,-17.94,5.70,1.31,-1.31,90,5.00,4.94,1872,1395,1900,-0.90,-3.33
92.12,TAKEOFF,TAKEOFF,1,28.5599037,77.1164383,4.54,18.45,18.71,55.26,-6.30,170.14,5.47,34.02,17.16,-2.91,-18.42,3.24,0.95,-0.95,90,5.00,4.90,1874,1396,1900,-1.00,-3.27
92.32,TAKEOFF,TAKEOFF,1,28.5598702,77.1164424,4.39,18.36,18.57,55.59,-5.30,177.74,5.49,33.79,17.47,-1.91,-18.55,0.74,0.62,-0.62,90,5.00,4.83,1877,1398,1900,-1.10,-3.22
92.53,TAKEOFF,TAKEOFF,1,28.5598368,77.1164413,4.30,18.25,18.42,56.06,-4.46,-174.69,5.53,33.55,17.83,-1.06,-18.33,-1.72,0.34,-0.34,90,5.00,4.74,1880,1399,1900,-1.22,-3.16
92.73,TAKEOFF,TAKEOFF,1,28.5598040,77.1164353,4.26,18.06,18.26,56.63,-3.78,-167.11,5.58,33.34,18.25,-0.38,-17.78,-4.13,0.12,-0.12,90,5.00,4.62,1883,1400,1900,-1.37,-3.07
92.94,TAKEOFF,TAKEOFF,1,28.5597724,77.1164245,4.26,17.93,18.10,57.29,-3.27,-159.51,5.63,33.19,18.70,0.09,-16.92,-6.42,-0.03,0.03,90,5.00,4.48,1887,1402,1900,-1.49,-3.01
93.14,TAKEOFF,TAKEOFF,1,28.5597428,77.1164091,4.28,17.76,17.94,58.01,-2.94,-151.88,5.68,33.06,19.19,0.42,-15.76,-8.57,-0.13,0.13,90,5.00,4.34,1892,1402,1900,-1.59,-2.95
93.35,TAKEOFF,TAKEOFF,1,28.5597157,77.1163897,4.32,17.57,17.77,58.76,-2.79,-144.22,5.73,32.96,19.69,0.55,-14.32,-10.52,-0.17,0.17,90,1.63,3.53,1896,1404,1900,-1.71,-2.89
93.55,TAKEOFF,TAKEOFF,1,28.5596915,77.1163666,4.36,17.44,17.62,59.53,-2.84,-136.54,5.78,32.68,20.19,0.52,-12.65,-12.25,-0.16,0.16,90,-5.00,2.22,1900,1406,1900,-1.82,-2.85
93.76,TAKEOFF,TAKEOFF,1,28.5596705,77.1163402,4.38,17.30,17.49,60.29,-3.10,-128.85,5.89,32.66,20.65,0.26,-10.79,-13.76,-0.08,0.08,90,-5.00,2.09,1900,1407,1900,-1.92,-2.82
93.96,TAKEOFF,TAKEOFF,1,28.5596529,77.1163110,4.39,17.22,17.38,61.03,-3.53,-121.11,6.10,32.72,21.04,-0.16,-8.75,-15.01,0.05,-0.05,90,-5.00,1.98,1900,1407,1900,-2.04,-2.78
94.17,TAKEOFF,TAKEOFF,1,28.5596391,77.1162794,4.36,17.13,17.30,61.75,-4.12,-113.32,6.30,32.84,21.38,-0.76,-6.58,-15.99,0.23,-0.23,90,-5.00,1.86,1900,1407,1900,-2.11,-2.75
94.37,TAKEOFF,TAKEOFF,1,28.5596292,77.1162458,4.28,17.00,17.25,62.42,-4.85,-105.45,6.47,32.99,21.66,-1.49,-4.29,-16.71,0.45,-0.45,90,-5.00,1.77,1900,1406,1900,-2.14,-2.74
94.58,TAKEOFF,TAKEOFF,1,28.5596235,77.1162109,4.16,16.95,17.25,63.01,-5.70,-97.55,6.60,33.16,21.87,-2.36,-1.93,-17.13,0.71,-0.71,90,-5.00,1.68,1900,1405,1900,-2.24,-2.69
94.78,TAKEOFF,TAKEOFF,1,28.5596221,77.1161754,3.97,16.93,17.27,63.49,-6.65,-89.60,6.70,33.38,22.01,-3.31,0.47,-17.26,1.00,-1.00,90,-5.00,1.61,1900,1404,1900,-2.28,-2.68
94.99,TAKEOFF,TAKEOFF,1,28.5596251,77.1161399,3.73,16.94,17.31,63.84,-7.64,-81.59,6.74,33.61,22.05,-4.30,2.89,-17.06,1.30,-1.30,90,-5.00,1.56,1900,1403,1900,-2.30,-2.69
95.19,TAKEOFF,TAKEOFF,1,28.5596323,77.1161053,3.42,16.95,17.37,64.05,-8.64,-73.53,6.74,33.84,21.99,-5.30,5.27,-16.55,1.61,-1.61,90,-5.00,1.53,1900,1402,1900,-2.29,-2.72
95.40,TAKEOFF,TAKEOFF,1,28.5596437,77.1160723,3.06,17.06,17.44,64.09,-9.61,-65.41,6.68,34.06,21.84,-6.22,7.57,-15.70,1.90,-1.90,90,-5.00,1.52,1900,1401,1900,-2.26,-2.76
95.60,TAKEOFF,TAKEOFF,1,28.5596591,77.1160414,2.65,17.17,17.52,63.98,-10.51,-57.25,6.57,34.29,21.61,-7.10,9.76,-14.54,2.18,-2.18,90,-5.00,1.54,1900,1400,1900,-2.21,-2.81
95.81,TAKEOFF,TAKEOFF,1,28.5596782,77.1160132,2.18,17.22,17.61,63.72,-11.32,-49.05,6.42,34.49,21.30,-7.89,11.78,-13.08,2.44,-2.44,90,-5.00,1.58,1900,1399,1900,-2.13,-2.88
96.01,TAKEOFF,TAKEOFF,1,28.5597134,77.1159772,1.39,17.41,17.77,63.06,-12.30,-36.70,6.13,34.77,20.75,-8.83,14.41,-10.38,2.76,-2.76,90,-5.00,1.67,1900,1398,1900,-2.02,-2.97
96.22,TAKEOFF,TAKEOFF,1,28.5597404,77.1159581,0.81,17.57,17.89,62.46,-12.76,-28.45,5.91,34.90,20.34,-9.24,15.85,-8.29,2.91,-2.91,90,-5.00,1.76,1900,1397,1900,-1.95,-3.02
96.42,TAKEOFF,TAKEOFF,1,28.5597699,77.1159434,0.20,17.70,18.01,61.76,-13.04,-20.17,5.68,35.00,19.92,-9.52,16.98,-5.99,3.02,-3.02,90,-5.00,1.86,1900,1396,1900,-1.87,-3.07
96.63,TAKEOFF,TAKEOFF,1,28.5598012,77.1159332,-0.34,17.76,17.98,31.93,-5.61,-11.71,-361.34,92.28,-47.54,-2.33,17.39,-4.56,0.73,-0.73,90,-5.00,7.66,1805,1415,1435,0.28,-2.82
96.83,TAKEOFF,TAKEOFF,1,28.5598322,77.1159233,-0.05,17.61,17.74,3.86,3.64,-13.44,-53.05,29.51,-8.70,7.04,17.05,-4.88,-2.19,2.19,90,-5.00,11.71,1894,1418,1844,-3.00,-2.46
97.03,TAKEOFF,TAKEOFF,1,28.5598625,77.1159126,0.47,17.44,17.24,-0.93,8.59,-13.53,-9.91,22.81,3.05,8.81,16.44,-5.16,-2.67,2.67,90,-5.00,11.93,1771,1435,1816,-0.47,-3.08
97.23,TAKEOFF,TAKEOFF,1,28.5598916,77.1159018,1.14,17.14,16.55,-1.90,12.99,-13.90,-3.17,21.55,-8.39,13.29,15.78,-4.98,-3.91,3.91,90,-5.00,11.96,1699,1453,1649,0.16,-3.34
97.44,TAKEOFF,TAKEOFF,1,28.5599194,77.1158918,2.08,16.79,15.79,-4.67,16.96,-17.74,-13.86,20.33,-17.72,18.34,15.03,-4.80,-5.23,5.23,90,-5.00,11.99,1605,1473,1475,-0.73,0.22
97.64,TAKEOFF,TAKEOFF,1,28.5599455,77.1158817,3.24,16.38,14.93,-8.15,20.61,-20.20,-10.72,18.48,-2.86,22.40,14.05,-5.02,-6.15,6.15,90,-5.00,11.96,1456,1493,1452,-1.09,1.36
97.85,TAKEOFF,TAKEOFF,1,28.5599697,77.1158712,4.55,15.91,14.01,-8.99,24.14,-20.12,0.54,16.58,6.31,26.01,12.99,-5.22,-6.83,6.83,90,-5.00,11.94,1375,1516,1457,-1.52,-0.82
98.06,TAKEOFF,TAKEOFF,1,28.5599921,77.1158606,5.98,15.42,13.05,-7.64,27.41,-19.19,6.76,14.70,5.47,29.33,11.96,-5.21,-7.33,7.33,90,-5.00,11.97,1401,1542,1479,-1.87,-2.92
98.26,TAKEOFF,TAKEOFF,1,28.5600127,77.1158502,7.48,14.82,12.09,-6.26,30.13,-19.04,5.35,12.41,-0.39,32.35,10.98,-5.03,-7.65,7.65,90,-5.00,11.99,1464,1569,1485,-2.21,-3.97
98.46,TAKEOFF,TAKEOFF,1,28.5600317,77.1158403,9.04,14.12,11.16,-6.17,32.27,-20.00,0.85,10.10,-4.38,34.90,10.06,-4.81,-7.78,7.78,90,-5.00,11.99,1486,1598,1464,-2.71,-3.77
98.67,TAKEOFF,TAKEOFF,1,28.5600493,77.1158307,10.60,13.48,10.31,-7.03,33.92,-21.32,-1.74,7.80,-4.03,36.95,9.20,-4.64,-7.75,7.75,90,-5.00,11.98,1453,1629,1433,-3.10,-3.41
98.87,TAKEOFF,TAKEOFF,1,28.5600654,77.1158215,12.13,12.74,9.56,-7.80,35.11,-22.16,-1.06,5.36,-1.50,38.41,8.41,-4.52,-7.57,7.57,90,-5.00,11.97,1403,1661,1416,-3.46,-3.54
99.08,TAKEOFF,TAKEOFF,1,28.5600802,77.1158124,13.61,12.09,8.90,-7.89,35.87,-22.40,1.07,2.80,0.16,39.27,7.72,-4.41,-7.27,7.27,90,-5.00,11.96,1377,1695,1416,-3.87,-4.45
99.29,TAKEOFF,TAKEOFF,1,28.5600939,77.1158037,15.03,11.42,8.33,-7.48,36.13,-22.41,2.46,0.16,-0.08,39.61,7.14,-4.28,-6.89,6.89,90,-5.00,11.97,1383,1729,1423,-4.11,-5.21
99.49,TAKEOFF,TAKEOFF,1,28.5601065,77.1157952,16.36,10.74,7.86,-7.04,35.84,-22.55,2.37,-2.47,-1.36,39.36,6.67,-4.14,-6.44,6.44,90,-5.00,11.98,1402,1762,1422,-4.29,-5.73
99.69,TAKEOFF,TAKEOFF,1,28.5601183,77.1157871,17.59,10.16,7.47,-6.86,35.00,-22.93,1.40,-5.05,-2.50,38.55,6.30,-4.01,-5.95,5.95,90,-5.00,11.98,1410,1793,1408,-4.39,-6.04
99.90,TAKEOFF,TAKEOFF,1,28.5601296,77.1157793,18.73,9.50,7.18,-6.96,33.66,-23.44,0.41,-7.44,-3.15,37.05,6.02,-3.91,-5.42,5.42,90,-5.00,11.98,1399,1819,1382,-4.34,-6.09
100.10,TAKEOFF,TAKEOFF,1,28.5601404,77.1157716,19.76,8.98,6.98,-7.28,31.84,-24.06,-0.40,-9.53,-4.37,35.00,5.83,-3.82,-4.88,4.88,90,-5.00,11.98,1369,1840,1317,-4.15,-5.96
100.31,TAKEOFF,TAKEOFF,1,28.5601562,77.1157603,21.10,8.18,6.80,-8.63,28.30,-25.92,-2.94,-11.91,-10.37,30.94,5.72,-3.66,-4.07,4.07,90,-5.18,11.95,1264,1852,1100,-3.47,-4.47
100.51,TAKEOFF,TAKEOFF,1,28.5601667,77.1157531,21.86,7.82,6.77,-10.68,25.37,-28.51,-5.52,-12.68,-16.05,27.58,5.72,-3.60,-3.53,3.53,90,-5.36,11.89,1100,1842,1100,-2.57,-1.33
100.72,TAKEOFF,TAKEOFF,1,28.5601773,77.1157457,22.50,7.45,6.85,-13.16,22.13,-31.72,-6.37,-12.60,-18.46,23.76,5.73,-3.73,-3.01,3.01,90,-5.63,11.79,1100,1815,1100,-1.69,0.67
100.92,TAKEOFF,TAKEOFF,1,28.5601879,77.1157378,23.04,7.27,7.01,-15.66,18.83,-34.97,-7.18,-11.58,-18.96,19.63,5.75,-4.01,-2.50,2.50,90,-5.95,12.46,1100,1760,1100,-0.72,1.89
101.13,TAKEOFF,TAKEOFF,1,28.5601986,77.1157291,23.48,7.28,7.26,-18.07,15.79,-38.14,-7.53,-8.64,-18.77,15.64,5.75,-4.42,-2.03,2.03,90,-6.04,14.34,1100,1680,1100,0.65,2.34
101.33,TAKEOFF,TAKEOFF,1,28.5602091,77.1157195,23.83,7.40,7.55,-20.36,13.18,-41.30,-7.50,-6.17,-18.75,12.05,5.72,-4.92,-1.61,1.61,90,-6.22,14.10,1100,1626,1100,1.59,2.06
101.53,TAKEOFF,TAKEOFF,1,28.5602195,77.1157088,24.11,7.49,7.89,-22.53,10.88,-44.55,-7.45,-3.86,-19.35,9.01,5.66,-5.49,-1.25,1.25,90,-6.40,13.84,1100,1574,1100,2.24,1.55
101.74,TAKEOFF,TAKEOFF,1,28.5602297,77.1156969,24.32,7.69,8.26,-24.62,8.81,-48.07,-7.61,-1.41,-20.65,6.50,5.53,-6.13,-0.94,0.94,90,-6.52,13.55,1100,1525,1100,2.70,0.92
101.94,TAKEOFF,TAKEOFF,1,28.5602395,77.1156836,24.48,7.95,8.67,-26.73,6.95,-52.02,-8.09,1.39,-22.46,4.49,5.34,-6.82,-0.68,0.68,90,-6.57,13.21,1100,1488,1100,2.83,0.65
102.15,TAKEOFF,TAKEOFF,1,28.5602489,77.1156688,24.59,8.29,9.09,-28.91,5.27,-56.49,-8.85,4.22,-24.44,2.90,5.03,-7.56,-0.46,0.46,90,-6.68,12.85,1100,1457,1100,2.85,0.59
102.35,TAKEOFF,TAKEOFF,1,28.5602576,77.1156525,24.66,8.73,9.53,-31.17,3.73,-61.50,-9.72,7.15,-26.23,1.62,4.60,-8.34,-0.27,0.27,90,-6.70,12.42,1100,1432,1100,2.76,0.79
102.56,TAKEOFF,TAKEOFF,1,28.5602653,77.1156345,24.70,9.13,9.98,-33.50,2.30,-67.01,-10.51,9.93,-27.53,0.57,4.00,-9.13,-0.10,0.10,90,-6.72,11.95,1100,1416,1100,2.64,1.06
102.76,TAKEOFF,TAKEOFF,1,28.5602717,77.1156147,24.70,9.59,10.43,-35.86,0.97,-72.93,-11.09,12.44,-28.25,-0.22,3.21,-9.92,0.04,-0.04,90,-6.81,11.46,1100,1404,1100,2.46,1.32
102.97,TAKEOFF,TAKEOFF,1,28.5602766,77.1155932,24.68,9.99,10.89,-38.18,-0.30,-79.11,-11.38,14.40,-28.44,-1.00,2.23,-10.65,0.19,-0.19,90,-6.74,8.73,1100,1415,1100,2.11,1.57
103.17,TAKEOFF,TAKEOFF,1,28.5602794,77.1155703,24.62,10.41,11.35,-40.38,-1.56,-85.44,-11.42,16.10,-28.24,-1.77,1.07,-11.30,0.35,-0.35,90,-6.76,8.32,1100,1404,1100,1.72,1.67
103.38,TAKEOFF,TAKEOFF,1,28.5602800,77.1155463,24.53,10.85,11.81,-42.43,-2.69,-91.96,-11.23,18.38,-27.87,-2.52,-0.24,-11.81,0.52,-0.52,90,-6.67,7.90,1100,1399,1100,1.39,1.71
103.58,TAKEOFF,TAKEOFF,1,28.5602780,77.1155215,24.40,11.25,12.26,-44.29,-3.66,-98.69,-10.91,20.44,-27.47,-3.22,-1.70,-12.14,0.69,-0.69,90,-6.72,7.53,1100,1395,1100,1.03,1.69
103.78,TAKEOFF,TAKEOFF,1,28.5602734,77.1154965,24.24,11.77,12.69,-45.96,-4.50,-105.61,-10.58,22.27,-27.09,-3.83,-3.29,-12.25,0.85,-0.85,90,-6.69,7.19,1100,1392,1100,0.81,1.67
103.99,TAKEOFF,TAKEOFF,1,28.5602658,77.1154716,24.05,12.17,13.11,-47.45,-5.23,-112.72,-10.26,23.85,-26.70,-4.32,-4.95,-12.13,0.99,-0.99,90,-6.61,6.86,1100,1391,1100,0.59,1.66
104.19,TAKEOFF,TAKEOFF,1,28.5602551,77.1154473,23.84,12.68,13.51,-48.78,-5.89,-119.97,-9.95,25.17,-26.27,-4.79,-6.66,-11.74,1.13,-1.13,90,-6.47,6.56,1100,1389,1100,0.28,1.64
104.40,TAKEOFF,TAKEOFF,1,28.5602413,77.1154242,23.60,13.07,13.89,-49.96,-6.47,-127.33,-9.63,26.24,-25.76,-5.15,-8.36,-11.08,1.25,-1.25,90,-6.39,6.29,1100,1388,1100,0.03,1.63
104.60,TAKEOFF,TAKEOFF,1,28.5602246,77.1154027,23.34,13.43,14.26,-50.99,-6.99,-134.77,-9.29,27.24,-25.20,-5.49,-10.01,-10.15,1.37,-1.37,90,-19.85,6.27,1100,1386,1100,-0.21,1.61
104.81,TAKEOFF,TAKEOFF,1,28.5601940,77.1153746,22.89,13.94,14.68,-52.34,-7.82,-145.84,-8.96,25.77,-24.29,-6.14,-12.14,-8.25,1.58,-1.58,84,1.65,-2.37,1100,1409,1100,-0.56,1.56
105.01,TAKEOFF,TAKEOFF,1,28.5601707,77.1153594,22.55,14.20,14.86,-53.15,-8.63,-152.81,-8.84,24.49,-23.73,-6.87,-13.23,-6.76,1.79,-1.79,79,1.31,-3.46,1100,1407,1100,-0.91,1.46
105.22,TAKEOFF,TAKEOFF,1,28.5601458,77.1153474,22.16,14.39,14.98,-53.86,-9.55,-159.60,-8.72,23.83,-23.33,-7.80,-14.05,-5.16,2.05,-2.05,75,1.55,-3.19,1100,1401,1100,-1.05,1.37
105.42,TAKEOFF,TAKEOFF,1,28.5601197,77.1153387,21.72,14.54,15.04,-54.45,-10.55,-166.28,-8.67,23.47,-23.15,-8.89,-14.61,-3.51,2.35,-2.35,71,1.99,-1.79,1100,1392,1100,-1.09,1.28
105.63,TAKEOFF,TAKEOFF,1,28.5600930,77.1153336,21.23,14.63,15.09,-54.90,-11.58,-172.96,-8.61,24.10,-23.13,-9.93,-14.98,-1.79,2.64,-2.64,74,2.58,-0.03,1100,1383,1100,-1.12,1.19
105.83,TAKEOFF,TAKEOFF,1,28.5600660,77.1153321,20.68,14.75,15.24,-55.14,-12.45,-179.95,-8.43,26.40,-23.23,-10.70,-15.24,0.06,2.88,-2.88,78,3.42,2.64,1100,1374,1100,-1.24,1.19
106.03,TAKEOFF,TAKEOFF,1,28.5600389,77.1153344,20.10,14.92,15.40,-55.19,-13.11,172.71,-8.34,27.83,-23.15,-11.36,-15.26,1.97,3.09,-3.09,76,4.50,4.84,1100,1363,1100,-1.16,1.26
106.24,TAKEOFF,TAKEOFF,1,28.5600120,77.1153405,19.47,15.09,15.51,-55.12,-13.65,165.26,-8.23,28.00,-22.71,-11.94,-15.01,3.89,3.28,-3.28,74,5.73,6.43,1100,1356,1100,-0.92,1.39
106.88,TAKEOFF,TAKEOFF,1,28.5599987,77.1153451,19.15,15.15,15.56,-55.06,-13.89,161.56,-8.13,27.81,-22.40,-12.19,-14.78,4.83,3.36,-3.36,73,6.38,7.22,1100,1353,1100,-0.88,1.42
107.08,TAKEOFF,TAKEOFF,1,28.5599731,77.1153571,18.48,15.31,15.71,-54.85,-14.24,154.17,-7.77,28.77,-21.84,-12.46,-14.17,6.77,3.47,-3.47,78,7.79,9.11,1100,1350,1100,-0.91,1.47
107.28,TAKEOFF,TAKEOFF,1,28.5599487,77.1153731,17.80,15.52,15.98,-54.46,-14.28,146.50,-7.27,31.22,-21.47,-12.36,-13.35,8.77,3.50,-3.50,84,9.52,11.25,1100,1349,1100,-1.05,1.51
107.49,TAKEOFF,TAKEOFF,1,28.5599258,77.1153935,17.12,15.76,16.38,-53.89,-13.87,138.39,-6.76,34.02,-21.14,-11.77,-12.26,10.84,3.41,-3.41,90,11.65,11.25,1100,1347,1100,-1.17,1.60
107.69,TAKEOFF,TAKEOFF,1,28.5599051,77.1154180,16.48,16.11,16.77,-53.27,-13.08,130.04,-6.38,35.40,-20.58,-10.91,-10.85,12.78,3.23,-3.23,90,14.04,11.25,1101,1344,1100,-1.10,1.78
107.89,TAKEOFF,TAKEOFF,1,28.5598873,77.1154463,15.88,16.39,17.12,-52.70,-11.98,121.68,-6.04,36.01,-19.75,-9.78,-9.10,14.49,2.95,-2.95,90,16.40,11.25,1107,1340,1100,-0.97,1.90
108.10,TAKEOFF,TAKEOFF,1,28.5598729,77.1154777,15.35,16.67,17.40,-52.27,-10.62,113.39,-5.83,36.37,-18.93,-8.44,-7.06,15.89,2.58,-2.58,90,18.65,11.25,1113,1338,1100,-0.86,1.96
108.30,TAKEOFF,TAKEOFF,1,28.5598625,77.1155115,14.91,16.87,17.60,-52.03,-9.07,105.19,-5.72,36.34,-18.39,-6.93,-4.79,16.93,2.14,-2.14,90,19.74,10.77,1118,1341,1100,-0.74,1.99
108.51,TAKEOFF,TAKEOFF,1,28.5598549,77.1155644,14.43,17.08,17.74,-52.10,-6.67,93.13,-5.84,35.79,-18.17,-4.51,-1.14,17.70,1.40,-1.40,90,19.86,9.35,1124,1347,1100,-0.71,2.01
108.71,TAKEOFF,TAKEOFF,1,28.5598554,77.1156002,14.23,17.09,17.74,-52.46,-5.14,85.18,-6.00,35.47,-18.25,-2.94,1.33,17.68,0.91,-0.91,90,19.91,8.44,1126,1352,1100,-0.72,2.04
108.91,TAKEOFF,TAKEOFF,1,28.5598601,77.1156355,14.13,17.13,17.68,-53.06,-3.75,77.28,-6.19,35.16,-18.45,-1.52,3.77,17.27,0.47,-0.47,90,19.95,7.65,1127,1356,1100,-0.74,2.06
109.12,TAKEOFF,TAKEOFF,1,28.5598691,77.1156696,14.11,17.08,17.58,-53.88,-2.54,69.39,-6.34,34.90,-18.74,-0.26,6.11,16.48,0.08,-0.08,90,19.98,6.99,1126,1359,1100,-0.80,2.09
109.32,TAKEOFF,TAKEOFF,1,28.5598822,77.1157017,14.16,17.01,17.45,-54.88,-1.54,61.50,-6.49,34.69,-19.15,0.76,8.29,15.34,-0.23,0.23,90,19.99,6.56,1125,1362,1100,-0.84,2.11
109.53,TAKEOFF,TAKEOFF,1,28.5598992,77.1157315,14.26,16.97,17.31,-56.05,-0.80,53.53,-6.64,34.63,-19.67,1.52,10.31,13.90,-0.46,0.46,90,19.99,6.42,1122,1364,1100,-0.89,2.12
109.73,TAKEOFF,TAKEOFF,1,28.5599196,77.1157581,14.40,16.81,17.18,-57.33,-0.33,45.52,-6.79,34.63,-20.26,2.03,12.09,12.19,-0.61,0.61,90,19.99,6.56,1119,1366,1100,-0.93,2.13
109.94,TAKEOFF,TAKEOFF,1,28.5599429,77.1157810,14.55,16.68,17.06,-58.68,-0.14,37.43,-6.95,34.74,-20.89,2.22,13.62,10.25,-0.66,0.66,90,-19.99,6.99,1115,1365,1100,-0.95,2.15
110.14,TAKEOFF,TAKEOFF,1,28.5599687,77.1157997,14.70,16.53,16.95,-60.07,-0.24,29.24,-7.09,34.98,-21.55,2.10,14.87,8.11,-0.62,0.62,90,-19.99,7.71,1111,1364,1100,-0.95,2.17
110.35,TAKEOFF,TAKEOFF,1,28.5599962,77.1158138,14.83,16.45,16.85,-61.44,-0.60,20.94,-7.18,35.34,-22.18,1.73,15.81,5.82,-0.51,0.51,90,-19.99,8.69,1106,1362,1100,-0.91,2.22
110.55,TAKEOFF,TAKEOFF,1,28.5600249,77.1158230,14.94,16.33,16.77,-62.75,-1.23,12.52,-7.25,35.76,-22.78,1.13,16.42,3.40,-0.33,0.33,90,-19.99,9.91,1101,1359,1100,-0.85,2.29
110.76,TAKEOFF,TAKEOFF,1,28.5600543,77.1158272,15.01,16.25,16.73,-63.96,-2.09,3.99,-7.33,36.21,-23.29,0.27,16.70,0.91,-0.08,0.08,90,-19.98,11.36,1100,1360,1100,-0.79,2.36
110.96,TAKEOFF,TAKEOFF,1,28.5600839,77.1158264,15.01,16.21,16.71,-65.05,-3.20,-4.59,-7.52,36.19,-23.67,-0.75,16.63,-1.61,0.22,-0.22,90,-19.96,13.03,1100,1362,1100,-0.77,2.46
111.17,TAKEOFF,TAKEOFF,1,28.5601131,77.1158205,14.95,16.24,16.73,-65.99,-4.52,-13.18,-7.68,36.23,-23.89,-2.02,16.21,-4.11,0.59,-0.59,90,-19.93,14.82,1100,1365,1100,-0.79,2.53
111.37,TAKEOFF,TAKEOFF,1,28.5601413,77.1158096,14.81,16.29,16.78,-66.75,-5.98,-21.78,-7.77,36.30,-23.96,-3.38,15.45,-6.54,0.99,-0.99,90,-19.89,15.00,1100,1368,1100,-0.83,2.60
111.58,TAKEOFF,TAKEOFF,1,28.5601679,77.1157938,14.58,16.35,16.87,-67.30,-7.55,-30.45,-7.78,36.43,-23.88,-4.88,14.35,-8.86,1.44,-1.44,90,-19.82,15.00,1100,1370,1100,-0.89,2.70
111.78,TAKEOFF,TAKEOFF,1,28.5601923,77.1157733,14.26,16.47,17.00,-67.60,-9.14,-39.11,-7.71,36.57,-23.66,-6.38,12.94,-11.02,1.90,-1.90,90,-19.74,15.00,1100,1372,1100,-0.94,2.76
111.99,TAKEOFF,TAKEOFF,1,28.5602141,77.1157485,13.83,16.63,17.15,-67.64,-10.69,-47.82,-7.56,36.73,-23.28,-7.84,11.21,-12.97,2.36,-2.36,90,-19.65,15.00,1100,1374,1100,-0.99,2.82
112.19,TAKEOFF,TAKEOFF,1,28.5602324,77.1157199,13.31,16.83,17.33,-67.41,-12.14,-56.58,-7.33,36.93,-22.76,-9.18,9.21,-14.67,2.80,-2.80,90,-19.55,15.00,1100,1375,1100,-1.02,2.89
112.39,TAKEOFF,TAKEOFF,1,28.5602469,77.1156882,12.71,17.06,17.53,-66.91,-13.40,-65.37,-7.07,37.08,-22.14,-10.35,6.95,-16.08,3.20,-3.20,90,-19.45,15.00,1103,1375,1100,-1.03,2.94
112.60,TAKEOFF,TAKEOFF,1,28.5602571,77.1156542,12.04,17.23,17.72,-66.17,-14.43,-74.19,-6.81,37.28,-21.43,-11.30,4.49,-17.14,3.54,-3.54,90,-19.36,15.00,1106,1375,1100,-1.02,2.99
112.80,TAKEOFF,TAKEOFF,1,28.5602627,77.1156187,11.31,17.49,17.92,-65.24,-15.16,-83.03,-6.57,37.49,-20.68,-11.97,1.87,-17.82,3.80,-3.80,90,-19.30,15.00,1109,1374,1100,-0.98,3.03
113.01,TAKEOFF,TAKEOFF,1,28.5602621,77.1155640,10.15,17.87,18.23,-63.61,-15.70,-96.30,-6.19,37.73,-19.58,-12.44,-2.22,-18.09,4.02,-4.02,90,-19.25,15.00,1114,1372,1100,-0.93,3.06
113.21,TAKEOFF,TAKEOFF,1,28.5602557,77.1155276,9.34,18.11,18.44,-62.44,-15.68,-105.12,-5.98,37.92,-18.91,-12.42,-4.96,-17.75,4.06,-4.06,90,-19.25,15.00,1117,1370,1100,-0.90,3.05
113.41,TAKEOFF,TAKEOFF,1,28.5602443,77.1154924,8.54,18.34,18.64,-61.26,-15.35,-113.90,-5.81,38.08,-18.30,-12.09,-7.65,-16.99,3.99,-3.99,90,-19.28,15.00,1121,1368,1100,-0.88,3.04
113.62,TAKEOFF,TAKEOFF,1,28.5602281,77.1154588,7.76,18.54,18.82,-60.14,-14.75,-122.65,-5.70,38.18,-17.76,-11.51,-10.20,-15.81,3.83,-3.83,90,-19.34,15.00,1124,1366,1100,-0.86,3.02
113.82,TAKEOFF,TAKEOFF,1,28.5602074,77.1154280,7.02,18.64,19.00,-59.14,-13.91,-131.29,-5.60,38.28,-17.32,-10.68,-12.55,-14.25,3.58,-3.58,90,-19.41,15.00,1127,1363,1100,-0.87,2.98
114.03,TAKEOFF,TAKEOFF,1,28.5601827,77.1154007,6.33,18.76,19.14,-58.28,-12.86,-139.87,-5.54,38.35,-16.99,-9.67,-14.62,-12.34,3.26,-3.26,90,-19.49,15.00,1129,1361,1100,-0.88,2.95
114.23,TAKEOFF,TAKEOFF,1,28.5601545,77.1153777,5.72,18.84,19.24,-57.59,-11.64,-148.37,-5.49,38.41,-16.77,-8.49,-16.35,-10.12,2.87,-2.87,90,-19.58,15.00,1130,1359,1100,-0.90,2.90
114.44,TAKEOFF,TAKEOFF,1,28.5601238,77.1153595,5.20,18.93,19.28,-57.08,-10.30,-156.81,-5.44,38.43,-16.67,-7.18,-17.69,-7.66,2.43,-2.43,90,-19.67,15.00,1131,1357,1100,-0.91,2.86
114.64,TAKEOFF,TAKEOFF,1,28.5600913,77.1153466,4.77,18.93,19.26,-56.76,-8.89,-165.19,-5.45,38.40,-16.67,-5.81,-18.59,-5.02,1.96,-1.96,90,0.34,15.00,1131,1355,1100,-0.92,2.82
114.85,TAKEOFF,TAKEOFF,1,28.5600577,77.1153393,4.44,18.87,19.19,-56.66,-7.45,-173.51,-5.48,38.34,-16.76,-4.41,-19.05,-2.27,1.48,-1.48,90,1.50,15.00,1131,1354,1100,-0.95,2.77
115.05,TAKEOFF,TAKEOFF,1,28.5600237,77.1153375,4.20,18.74,19.07,-56.78,-6.04,178.18,-5.52,38.31,-16.96,-3.06,-19.06,0.49,1.02,-1.02,90,3.12,15.00,1129,1353,1100,-0.98,2.73
115.25,TAKEOFF,TAKEOFF,1,28.5599900,77.1153414,4.06,18.61,18.91,-57.11,-4.73,169.87,-5.57,38.15,-17.27,-1.76,-18.62,3.22,0.58,-0.58,90,5.06,15.00,1127,1353,1100,-1.03,2.68
115.46,TAKEOFF,TAKEOFF,1,28.5599575,77.1153506,3.99,18.50,18.71,-57.62,-3.56,161.56,-5.61,37.95,-17.67,-0.61,-17.77,5.84,0.20,-0.20,90,7.17,15.00,1123,1354,1100,-1.12,2.62
115.66,TAKEOFF,TAKEOFF,1,28.5599266,77.1153651,4.00,18.35,18.51,-58.30,-2.58,153.21,-5.66,37.75,-18.14,0.31,-16.53,8.30,-0.10,0.10,90,9.40,14.96,1120,1354,1100,-1.21,2.57
115.87,TAKEOFF,TAKEOFF,1,28.5598982,77.1153846,4.05,18.15,18.30,-59.13,-1.82,144.85,-5.74,37.65,-18.67,1.06,-14.95,10.54,-0.34,0.34,90,11.67,15.00,1116,1355,1100,-1.31,2.52
116.07,TAKEOFF,TAKEOFF,1,28.5598728,77.1154084,4.14,17.97,18.10,-60.07,-1.30,136.44,-5.83,37.52,-19.25,1.55,-13.07,12.51,-0.49,0.49,90,13.89,15.00,1111,1355,1100,-1.42,2.45
116.28,TAKEOFF,TAKEOFF,1,28.5598510,77.1154360,4.25,17.75,17.91,-61.07,-1.04,127.98,-5.90,37.52,-19.86,1.79,-10.94,14.18,-0.56,0.56,90,16.03,15.00,1106,1354,1100,-1.49,2.41
