Time_s,plane_moving_state,TAS_mps,alt_agl_m,MLG_NR,FLG_NR,lat,lon,alt_msl,phi,theta,psi,p,q,r,V_b_tas_0,V_b_tas_1,V_b_tas_2,V_ned_gnd_0,V_ned_gnd_1,V_ned_gnd_2,pos_ned_0,pos_ned_1,pos_ned_2,p_dot,q_dot,r_dot,Accel_b_0,Accel_b_1,Accel_b_2,ArduPlane_Mode,delta_e,delta_aL,delta_aR,delta_r,delta_f,delta_a,pwm_ailL,pwm_ailR,pwm_elev,pwm_rud,pwm_flap,pwm_nlg,pwm_mot0,mot0_thr_cmd,mot1_thr_cmd,total_rotor_force,Lift_Coeff,Moment_Coeff
0.10079,0,0.00000,0.10001,449.47815,188.17186,0.00000,0.00000,0.00000,0.00000,0.00000,-1.30900,0.00000,0.00000,0.00000,0.00000,0.00000,0.00000,0.00000,0.00000,0.00000,0.00000,0.00000,-0.10001,0.00000,0.00000,0.00000,0.00000,0.00000,0.00000,16,-0.34907,0.34907,-0.34907,-0.34907,0.34907,-0.34907,0.0,0.0,0.0,0.0,1500.0,0.0,0.0,0.00000,0.00000,0.00000,0.00000,0.00000
0.20159,0,0.00000,0.10001,449.47815,188.17186,0.00000,0.00000,0.00000,0.00000,0.00000,-1.30900,0.00000,0.00000,0.00000,0.00000,0.00000,0.00000,0.00000,0.00000,0.00000,0.00000,0.00000,-0.10001,0.00000,0.00000,0.00000,0.00000,0.00000,0.00000,16,-0.34907,0.34907,-0.34907,-0.34907,0.34907,-0.34907,0.0,0.0,0.0,0.0,1500.0,0.0,0.0,0.00000,0.00000,0.00000,0.00000,0.00000
0.30238,0,0.00000,0.10001,449.47815,188.17186,0.00000,0.00000,0.00000,0.00000,0.00000,-1.30900,0.00000,0.00000,0.00000,0.00000,0.00000,0.00000,0.00000,0.00000,0.00000,0.00000,0.00000,-0.10001,0.00000,0.00000,0.00000,0.00000,0.00000,0.00000,16,-0.34907,0.34907,-0.34907,-0.34907,0.34907,-0.34907,0.0,0.0,0.0,0.0,1500.0,0.0,0.0,0.00000,0.00000,0.00000,0.00000,0.00000
0.40317,0,0.00000,0.10001,449.47815,188.17186,0.00000,0.00000,0.00000,0.00000,0.00000,-1.30900,0.00000,0.00000,0.00000,0.00000,0.00000,0.00000,0.00000,0.00000,0.00000,0.00000,0.00000,-0.10001,0.00000,0.00000,0.00000,0.00000,0.00000,0.00000,16,-0.34907,0.34907,-0.34907,-0.34907,0.34907,-0.34907,0.0,0.0,0.0,0.0,1500.0,0.0,0.0,0.00000,0.00000,0.00000,0.00000,0.00000
0.50397,0,0.00000,0.10001,449.47815,188.17186,0.00000,0.00000,0.00000,0.00000,0.00000,-1.30900,0.00000,0.00000,0.00000,0.00000,0.00000,0.00000,0.00000,0.00000,0.00000,0.00000,0.00000,-0.10001,0.00000,0.00000,0.00000,0.00000,0.00000,0.00000,16,-0.34907,0.34907,-0.34907,-0.34907,0.34907,-0.34907,0.0,0.0,0.0,0.0,1500.0,0.0,0.0,0.00000,0.00000,0.00000,0.00000,0.00000
0.60476,0,0.00000,0.10001,449.47815,188.17186,0.00000,0.00000,0.00000,0.00000,0.00000,-1.30900,0.00000,0.00000,0.00000,0.00000,0.00000,0.00000,0.00000,0.00000,0.00000,0.00000,0.00000,-0.10001,0.00000,0.00000,0.00000,0.00000,0.00000,0.00000,16,-0.34907,0.34907,-0.34907,-0.34907,0.34907,-0.34907,0.0,0.0,0.0,0.0,1500.0,0.0,0.0,0.00000,0.00000,0.00000,0.00000,0.00000
0.70555,0,0.00000,0.10001,449.47815,188.17186,0.00000,0.00000,0.00000,0.00000,0.00000,-1.30900,0.00000,0.00000,0.00000,0.00000,0.00000,0.00000,0.00000,0.00000,0.00000,0.00000,0.00000,-0.10001,0.00000,0.00000,0.00000,0.00000,0.00000,0.00000,16,-0.34907,0.34907,-0.34907,-0.34907,0.34907,-0.34907,0.0,0.0,0.0,0.0,1500.0,0.0,0.0,0.00000,0.00000,0.00000,0.00000,0.00000
0.80634,0,0.00000,0.10001,449.47815,188.17186,0.00000,0.00000,0.00000,0.00000,0.00000,-1.30900,0.00000,0.00000,0.00000,0.00000,0.00000,0.00000,0.00000,0.00000,0.00000,0.00000,0.00000,-0.10001,0.00000,0.00000,0.00000,0.00000,0.00000,0.00000,16,-0.34907,0.34907,-0.34907,-0.34907,0.34907,-0.34907,0.0,0.0,0.0,0.0,1500.0,0.0,0.0,0.00000,0.00000,0.00000,0.00000,0.00000
0.90713,0,0.00000,0.10001,449.47815,188.17186,0.00000,0.00000,0.00000,0.00000,0.00000,-1.30900,0.00000,0.00000,0.00000,0.00000,0.00000,0.00000,0.00000,0.00000,0.00000,0.00000,0.00000,-0.10001,0.00000,0.00000,0.00000,0.00000,0.00000,0.00000,16,-0.34907,0.34907,-0.34907,-0.34907,0.34907,-0.34907,0.0,0.0,0.0,0.0,1500.0,0.0,0.0,0.00000,0.00000,0.00000,0.00000,0.00000
1.00792,0,0.00000,0.10001,449.47815,188.17186,0.00000,0.00000,0.00000,0.00000,0.00000,-1.30900,0.00000,0.00000,0.00000,0.00000,0.00000,0.00000,0.00000,0.00000,0.00000,0.00000,0.00000,-0.10001,0.00000,0.00000,0.00000,0.00000,0.00000,0.00000,16,-0.34907,0.34907,-0.34907,-0.34907,0.34907,-0.34907,0.0,0.0,0.0,0.0,1500.0,0.0,0.0,0.00000,0.00000,0.00000,0.00000,0.00000
1.10872,0,0.00000,0.10001,449.47815,188.17186,0.00000,0.00000,0.00000,0.00000,0.00000,-1.30900,0.00000,0.00000,0.00000,0.00000,0.00000,0.00000,0.00000,0.00000,0.00000,0.00000,0.00000,-0.10001,0.00000,0.00000,0.00000,0.00000,0.00000,0.00000,16,-0.34907,0.34907,-0.34907,-0.34907,0.34907,-0.34907,0.0,0.0,0.0,0.0,1500.0,0.0,0.0,0.00000,0.00000,0.00000,0.00000,0.00000
1.20951,0,0.00000,0.10001,449.47815,188.17186,0.00000,0.00000,0.00000,0.00000,0.00000,-1.30900,0.00000,0.00000,0.00000,0.00000,0.00000,0.00000,0.00000,0.00000,0.00000,0.00000,0.00000,-0.10001,0.00000,0.00000,0.00000,0.00000,0.00000,0.00000,16,-0.34907,0.34907,-0.34907,-0.34907,0.34907,-0.34907,0.0,0.0,0.0,0.0,1500.0,0.0,0.0,0.00000,0.00000,0.00000,0.00000,0.00000
1.31031,0,0.00000,0.10001,449.47815,188.17186,0.00000,0.00000,0.00000,0.00000,0.00000,-1.30900,0.00000,0.00000,0.00000,0.00000,0.00000,0.00000,0.00000,0.00000,0.00000,0.00000,0.00000,-0.10001,0.00000,0.00000,0.00000,0.00000,0.00000,0.00000,16,-0.34907,0.34907,-0.34907,-0.34907,0.34907,-0.34907,0.0,0.0,0.0,0.0,1500.0,0.0,0.0,0.00000,0.00000,0.00000,0.00000,0.00000
1.41111,0,0.00000,0.10001,449.47815,188.17186,0.00000,0.00000,0.00000,0.00000,0.00000,-1.30900,0.00000,0.00000,0.00000,0.00000,0.00000,0.00000,0.00000,0.00000,0.00000,0.00000,0.00000,-0.10001,0.00000,0.00000,0.00000,0.00000,0.00000,0.00000,16,-0.34907,0.34907,-0.34907,-0.34907,0.34907,-0.34907,0.0,0.0,0.0,0.0,1500.0,0.0,0.0,0.00000,0.00000,0.00000,0.00000,0.00000
1.51190,0,0.00000,0.10001,449.47815,188.17186,0.00000,0.00000,0.00000,0.00000,0.00000,-1.30900,0.00000,0.00000,0.00000,0.00000,0.00000,0.00000,0.00000,0.00000,0.00000,0.00000,0.00000,-0.10001,0.00000,0.00000,0.00000,0.00000,0.00000,0.00000,16,-0.34907,0.34907,-0.34907,-0.34907,0.34907,-0.34907,0.0,0.0,0.0,0.0,1500.0,0.0,0.0,0.00000,0.00000,0.00000,0.00000,0.00000
1.61270,0,0.00000,0.10001,449.47815,188.17186,0.00000,0.00000,0.00000,0.00000,0.00000,-1.30900,0.00000,0.00000,0.00000,0.00000,0.00000,0.00000,0.00000,0.00000,0.00000,0.00000,0.00000,-0.10001,0.00000,0.00000,0.00000,0.00000,0.00000,0.00000,16,-0.34907,0.34907,-0.34907,-0.34907,0.34907,-0.34907,0.0,0.0,0.0,0.0,1500.0,0.0,0.0,0.00000,0.00000,0.00000,0.00000,0.00000
1.71350,0,0.00000,0.10001,449.47815,188.17186,0.00000,0.00000,0.00000,0.00000,0.00000,-1.30900,0.00000,0.00000,0.00000,0.00000,0.00000,0.00000,0.00000,0.00000,0.00000,0.00000,0.00000,-0.10001,0.00000,0.00000,0.00000,0.00000,0.00000,0.00000,16,-0.34907,0.34907,-0.34907,-0.34907,0.34907,-0.34907,0.0,0.0,0.0,0.0,1500.0,0.0,0.0,0.00000,0.00000,0.00000,0.00000,0.00000
1.81430,0,0.00000,0.10001,449.47815,188.17186,0.00000,0.00000,0.00000,0.00000,0.00000,-1.30900,0.00000,0.00000,0.00000,0.00000,0.00000,0.00000,0.00000,0.00000,0.00000,0.00000,0.00000,-0.10001,0.00000,0.00000,0.00000,0.00000,0.00000,0.00000,0,-0.10482,0.10482,-0.10482,-0.10482,0.34907,-0.10482,1500.0,1500.0,1500.0,1500.0,1500.0,0.0,1100.0,0.00000,0.00000,0.00000,0.00000,0.00000
1.91509,0,0.00000,0.10001,449.47815,188.17186,0.00000,0.00000,0.00000,0.00000,0.00000,-1.30900,0.00000,0.00000,0.00000,0.00000,0.00000,0.00000,0.00000,0.00000,0.00000,0.00000,0.00000,-0.10001,0.00000,0.00000,0.00000,0.00000,0.00000,0.00000,0,0.00000,0.00000,0.00000,0.00000,0.34907,0.00000,1500.0,1500.0,1500.0,1500.0,1500.0,0.0,1100.0,0.00000,0.00000,0.00000,0.00000,0.00000
2.01589,0,0.00000,0.10001,449.47815,188.17186,0.00000,0.00000,0.00000,0.00000,0.00000,-1.30900,0.00000,0.00000,0.00000,0.00000,0.00000,0.00000,0.00000,0.00000,0.00000,0.00000,0.00000,-0.10001,0.00000,0.00000,0.00000,0.00000,0.00000,0.00000,5,0.03142,0.00000,0.00000,0.00000,0.34907,0.00000,1500.0,1500.0,1536.0,1500.0,1500.0,0.0,1100.0,0.00000,0.00000,0.00000,0.00000,0.00000
2.11669,0,0.00000,0.10001,449.47815,188.17186,0.00000,0.00000,0.00000,0.00000,0.00000,-1.30900,0.00000,0.00000,0.00000,0.00000,0.00000,0.00000,0.00000,0.00000,0.00000,0.00000,0.00000,-0.10001,0.00000,0.00000,0.00000,0.00000,0.00000,0.00000,5,0.02269,0.00000,0.00000,0.00000,0.34907,0.00000,1500.0,1500.0,1526.0,1500.0,1500.0,0.0,1100.0,0.00000,0.00000,0.00000,0.00000,0.00000
2.21748,0,0.00000,0.10001,449.47815,188.17186,0.00000,0.00000,0.00000,0.00000,0.00000,-1.30900,0.00000,0.00000,0.00000,0.00000,0.00000,0.00000,0.00000,0.00000,0.00000,0.00000,0.00000,-0.10001,0.00000,0.00000,0.00000,0.00000,0.00000,0.00000,5,0.00087,0.00000,0.00000,0.00000,0.34907,0.00000,1500.0,1500.0,1501.0,1500.0,1500.0,0.0,1100.0,0.00000,0.00000,0.00000,0.00000,0.00000
2.31828,0,0.00000,0.10001,449.47815,188.17186,0.00000,0.00000,0.00000,0.00000,0.00000,-1.30900,0.00000,0.00000,0.00000,0.00000,0.00000,0.00000,0.00000,0.00000,0.00000,0.00000,0.00000,-0.10001,0.00000,0.00000,0.00000,0.00000,0.00000,0.00000,5,-0.03316,0.00000,0.00000,0.00000,0.34907,0.00000,1500.0,1500.0,1462.0,1500.0,1500.0,0.0,1100.0,0.00000,0.00000,0.00000,0.00000,0.00000
2.41908,0,0.00000,0.10001,449.47815,188.17186,0.00000,0.00000,0.00000,0.00000,0.00000,-1.30900,0.00000,0.00000,0.00000,0.00000,0.00000,0.00000,0.00000,0.00000,0.00000,0.00000,0.00000,-0.10001,0.00000,0.00000,0.00000,0.00000,0.00000,0.00000,5,-0.07505,-0.00087,0.00087,0.00000,0.34907,0.00087,1501.0,1501.0,1414.0,1500.0,1500.0,0.0,1100.0,0.00000,0.00000,0.00000,0.00000,0.00000
2.51988,0,0.00000,0.10001,449.47815,188.17186,0.00000,0.00000,0.00000,0.00000,0.00000,-1.30900,0.00000,0.00000,0.00000,0.00000,0.00000,0.00000,0.00000,0.00000,0.00000,0.00000,0.00000,-0.10001,0.00000,0.00000,0.00000,0.00000,0.00000,0.00000,5,-0.09163,-0.00087,0.00087,0.00000,0.34907,0.00087,1501.0,1501.0,1395.0,1500.0,1500.0,0.0,1100.0,0.00000,0.00000,0.00000,0.00000,0.00000
2.62067,0,0.00000,0.10001,449.47815,188.17186,0.00000,0.00000,0.00000,0.00000,0.00000,-1.30900,0.00000,0.00000,0.00000,0.00000,0.00000,0.00000,0.00000,0.00000,0.00000,0.00000,0.00000,-0.10001,0.00000,0.00000,0.00000,0.00000,0.00000,0.00000,5,-0.06894,-0.00087,0.00087,0.00000,0.34907,0.00087,1501.0,1501.0,1421.0,1500.0,1500.0,0.0,1100.0,0.00000,0.00000,0.00000,0.00000,0.00000
2.72147,0,0.00000,0.10001,449.47815,188.17186,0.00000,0.00000,0.00000,0.00000,0.00000,-1.30900,0.00000,0.00000,0.00000,0.00000,0.00000,0.00000,0.00000,0.00000,0.00000,0.00000,0.00000,-0.10001,0.00000,0.00000,0.00000,0.00000,0.00000,0.00000,5,-0.03665,-0.00087,0.00087,0.00000,0.34907,0.00087,1501.0,1501.0,1458.0,1500.0,1500.0,0.0,1100.0,0.00000,0.00000,0.00000,0.00000,0.00000
2.82227,0,0.00000,0.10001,449.47815,188.17186,0.00000,0.00000,0.00000,0.00000,0.00000,-1.30900,0.00000,0.00000,0.00000,0.00000,0.00000,0.00000,0.00000,0.00000,0.00000,0.00000,0.00000,-0.10001,0.00000,0.00000,0.00000,0.00000,0.00000,0.00000,5,-0.00524,0.00000,0.00000,0.00000,0.34907,0.00000,1500.0,1500.0,1494.0,1500.0,1500.0,0.0,1100.0,0.00000,0.00000,0.00000,0.00000,0.00000
2.92306,0,0.00000,0.10001,449.47815,188.17186,0.00000,0.00000,0.00000,0.00000,0.00000,-1.30900,0.00000,0.00000,0.00000,0.00000,0.00000,0.00000,0.00000,0.00000,0.00000,0.00000,0.00000,-0.10001,0.00000,0.00000,0.00000,0.00000,0.00000,0.00000,5,0.01833,0.00000,0.00000,0.00000,0.34907,0.00000,1500.0,1500.0,1521.0,1500.0,1500.0,0.0,1100.0,0.00000,0.00000,0.00000,0.00000,0.00000
3.02386,0,0.00000,0.10001,449.47815,188.17186,0.00000,0.00000,0.00000,0.00000,0.00000,-1.30900,0.00000,0.00000,0.00000,0.00000,0.00000,0.00000,0.00000,0.00000,0.00000,0.00000,0.00000,-0.10001,0.00000,0.00000,0.00000,0.00000,0.00000,0.00000,5,0.00785,0.00087,-0.00087,0.00000,0.34907,-0.00087,1499.0,1499.0,1509.0,1500.0,1500.0,0.0,1100.0,0.00000,0.00000,0.00000,0.00000,0.00000
3.12466,0,0.00000,0.10001,449.47815,188.17186,0.00000,0.00000,0.00000,0.00000,0.00000,-1.30900,0.00000,0.00000,0.00000,0.00000,0.00000,0.00000,0.00000,0.00000,0.00000,0.00000,0.00000,-0.10001,0.00000,0.00000,0.00000,0.00000,0.00000,0.00000,5,-0.01484,0.00087,-0.00087,0.00000,0.34907,-0.00087,1499.0,1499.0,1483.0,1500.0,1500.0,0.0,1100.0,0.00000,0.00000,0.00000,0.00000,0.00000
3.22546,0,0.00000,0.10001,449.47815,188.17186,0.00000,0.00000,0.00000,0.00000,0.00000,-1.30900,0.00000,0.00000,0.00000,0.00000,0.00000,0.00000,0.00000,0.00000,0.00000,0.00000,0.00000,-0.10001,0.00000,0.00000,0.00000,0.00000,0.00000,0.00000,5,-0.00698,0.00087,-0.00087,0.00000,0.34907,-0.00087,1499.0,1499.0,1492.0,1500.0,1500.0,0.0,1100.0,0.00000,0.00000,0.00000,0.00000,0.00000
3.32625,0,0.00000,0.10001,449.47815,188.17186,0.00000,0.00000,0.00000,0.00000,0.00000,-1.30900,0.00000,0.00000,0.00000,0.00000,0.00000,0.00000,0.00000,0.00000,0.00000,0.00000,0.00000,-0.10001,0.00000,0.00000,0.00000,0.00000,0.00000,0.00000,5,0.01134,0.00087,-0.00087,0.00000,0.34907,-0.00087,1499.0,1499.0,1513.0,1500.0,1500.0,0.0,1100.0,0.00000,0.00000,0.00000,0.00000,0.00000
3.42705,0,0.00000,0.10001,449.47815,188.17186,0.00000,0.00000,0.00000,0.00000,0.00000,-1.30900,0.00000,0.00000,0.00000,0.00000,0.00000,0.00000,0.00000,0.00000,0.00000,0.00000,0.00000,-0.10001,0.00000,0.00000,0.00000,0.00000,0.00000,0.00000,5,0.02880,0.00087,-0.00087,0.00000,0.34907,-0.00087,1499.0,1499.0,1533.0,1500.0,1500.0,0.0,1100.0,0.00000,0.00000,0.00000,0.00000,0.00000
3.52785,0,0.00000,0.10001,449.47815,188.17186,0.00000,0.00000,0.00000,0.00000,0.00000,-1.30900,0.00000,0.00000,0.00000,0.00000,0.00000,0.00000,0.00000,0.00000,0.00000,0.00000,0.00000,-0.10001,0.00000,0.00000,0.00000,0.00000,0.00000,0.00000,5,0.04538,0.00087,-0.00087,0.00000,0.34907,-0.00087,1499.0,1499.0,1552.0,1500.0,1500.0,0.0,1100.0,0.00000,0.00000,0.00000,0.00000,0.00000
3.62864,0,0.00000,0.10001,449.47815,188.17186,0.00000,0.00000,0.00000,0.00000,0.00000,-1.30900,0.00000,0.00000,0.00000,0.00000,0.00000,0.00000,0.00000,0.00000,0.00000,0.00000,0.00000,-0.10001,0.00000,0.00000,0.00000,0.00000,0.00000,0.00000,5,0.06458,0.00000,0.00000,0.00000,0.34907,0.00000,1500.0,1500.0,1574.0,1500.0,1500.0,0.0,1100.0,0.00000,0.00000,0.00000,0.00000,0.00000
3.72944,0,0.00000,0.10001,449.47815,188.17186,0.00000,0.00000,0.00000,0.00000,0.00000,-1.30900,0.00000,0.00000,0.00000,0.00000,0.00000,0.00000,0.00000,0.00000,0.00000,0.00000,0.00000,-0.10001,0.00000,0.00000,0.00000,0.00000,0.00000,0.00000,5,0.08814,0.00000,0.00000,0.00000,0.34907,0.00000,1500.0,1500.0,1601.0,1500.0,1500.0,0.0,1100.0,0.00000,0.00000,0.00000,0.00000,0.00000
3.83024,0,0.00000,0.10001,449.47815,188.17186,0.00000,0.00000,0.00000,0.00000,0.00000,-1.30900,0.00000,0.00000,0.00000,0.00000,0.00000,0.00000,0.00000,0.00000,0.00000,0.00000,0.00000,-0.10001,0.00000,0.00000,0.00000,0.00000,0.00000,0.00000,5,0.09338,0.00000,0.00000,0.00000,0.34907,0.00000,1500.0,1500.0,1607.0,1500.0,1500.0,0.0,1100.0,0.00000,0.00000,0.00000,0.00000,0.00000
3.93104,0,0.00000,0.10001,449.47815,188.17186,0.00000,0.00000,0.00000,0.00000,0.00000,-1.30900,0.00000,0.00000,0.00000,0.00000,0.00000,0.00000,0.00000,0.00000,0.00000,0.00000,0.00000,-0.10001,0.00000,0.00000,0.00000,0.00000,0.00000,0.00000,5,0.07330,-0.00087,0.00087,0.00000,0.34907,0.00087,1501.0,1501.0,1584.0,1500.0,1500.0,0.0,1100.0,0.00000,0.00000,0.00000,0.00000,0.00000
4.03183,0,0.00000,0.10001,449.47815,188.17186,0.00000,0.00000,0.00000,0.00000,0.00000,-1.30900,0.00000,0.00000,0.00000,0.00000,0.00000,0.00000,0.00000,0.00000,0.00000,0.00000,0.00000,-0.10001,0.00000,0.00000,0.00000,0.00000,0.00000,0.00000,5,0.05585,-0.00175,0.00175,0.00087,0.34907,0.00175,1502.0,1502.0,1564.0,1501.0,1500.0,0.0,1100.0,0.00000,0.00000,0.00000,0.00000,0.00000
4.13263,0,0.00000,0.10001,449.47815,188.17186,0.00000,0.00000,0.00000,0.00000,0.00000,-1.30900,0.00000,0.00000,0.00000,0.00000,0.00000,0.00000,0.00000,0.00000,0.00000,0.00000,0.00000,-0.10001,0.00000,0.00000,0.00000,0.00000,0.00000,0.00000,5,0.04974,-0.00262,0.00262,0.00087,0.34907,0.00262,1503.0,1503.0,1557.0,1501.0,1500.0,0.0,1100.0,0.00000,0.00000,0.00000,0.00000,0.00000
4.23343,0,0.00000,0.10001,449.47815,188.17186,0.00000,0.00000,0.00000,0.00000,0.00000,-1.30900,0.00000,0.00000,0.00000,0.00000,0.00000,0.00000,0.00000,0.00000,0.00000,0.00000,0.00000,-0.10001,0.00000,0.00000,0.00000,0.00000,0.00000,0.00000,5,0.05498,-0.00262,0.00262,0.00087,0.34907,0.00262,1503.0,1503.0,1563.0,1501.0,1500.0,0.0,1100.0,0.00000,0.00000,0.00000,0.00000,0.00000
4.33422,0,0.00000,0.10001,449.47815,188.17186,0.00000,0.00000,0.00000,0.00000,0.00000,-1.30900,0.00000,0.00000,0.00000,0.00000,0.00000,0.00000,0.00000,0.00000,0.00000,0.00000,0.00000,-0.10001,0.00000,0.00000,0.00000,0.00000,0.00000,0.00000,5,0.07941,-0.00262,0.00262,0.00087,0.34907,0.00262,1503.0,1503.0,1591.0,1501.0,1500.0,0.0,1100.0,0.00000,0.00000,0.00000,0.00000,0.00000
4.43502,0,0.00000,0.10001,449.47815,188.17186,0.00000,0.00000,0.00000,0.00000,0.00000,-1.30900,0.00000,0.00000,0.00000,0.00000,0.00000,0.00000,0.00000,0.00000,0.00000,0.00000,0.00000,-0.10001,0.00000,0.00000,0.00000,0.00000,0.00000,0.00000,5,0.10123,-0.00349,0.00349,0.00087,0.34907,0.00349,1504.0,1504.0,1616.0,1501.0,1500.0,0.0,1100.0,0.00000,0.00000,0.00000,0.00000,0.00000
4.53582,0,0.00000,0.10001,449.47815,188.17186,0.00000,0.00000,0.00000,0.00000,0.00000,-1.30900,0.00000,0.00000,0.00000,0.00000,0.00000,0.00000,0.00000,0.00000,0.00000,0.00000,0.00000,-0.10001,0.00000,0.00000,0.00000,0.00000,0.00000,0.00000,5,0.08727,-0.00262,0.00262,0.00087,0.34907,0.00262,1503.0,1503.0,1600.0,1501.0,1500.0,0.0,1100.0,0.00000,0.00000,0.00000,0.00000,0.00000
4.63662,0,0.00000,0.10001,449.47815,188.17186,0.00000,0.00000,0.00000,0.00000,0.00000,-1.30900,0.00000,0.00000,0.00000,0.00000,0.00000,0.00000,0.00000,0.00000,0.00000,0.00000,0.00000,-0.10001,0.00000,0.00000,0.00000,0.00000,0.00000,0.00000,5,0.06021,-0.00262,0.00262,0.00087,0.34907,0.00262,1503.0,1503.0,1569.0,1501.0,1500.0,0.0,1100.0,0.00000,0.00000,0.00000,0.00000,0.00000
4.73741,0,0.00000,0.10001,449.47815,188.17186,0.00000,0.00000,0.00000,0.00000,0.00000,-1.30900,0.00000,0.00000,0.00000,0.00000,0.00000,0.00000,0.00000,0.00000,0.00000,0.00000,0.00000,-0.10001,0.00000,0.00000,0.00000,0.00000,0.00000,0.00000,5,0.05236,-0.00262,0.00262,0.00087,0.34907,0.00262,1503.0,1503.0,1560.0,1501.0,1500.0,0.0,1100.0,0.00000,0.00000,0.00000,0.00000,0.00000
4.83821,0,0.00000,0.10001,449.47815,188.17186,0.00000,0.00000,0.00000,0.00000,0.00000,-1.30900,0.00000,0.00000,0.00000,0.00000,0.00000,0.00000,0.00000,0.00000,0.00000,0.00000,0.00000,-0.10001,0.00000,0.00000,0.00000,0.00000,0.00000,0.00000,5,0.05498,-0.00262,0.00262,0.00087,0.34907,0.00262,1503.0,1503.0,1563.0,1501.0,1500.0,0.0,1100.0,0.00000,0.00000,0.00000,0.00000,0.00000
4.93901,0,0.00000,0.10001,449.47815,188.17186,0.00000,0.00000,0.00000,0.00000,0.00000,-1.30900,0.00000,0.00000,0.00000,0.00000,0.00000,0.00000,0.00000,0.00000,0.00000,0.00000,0.00000,-0.10001,0.00000,0.00000,0.00000,0.00000,0.00000,0.00000,5,0.08029,-0.00175,0.00175,0.00087,0.34907,0.00175,1502.0,1502.0,1592.0,1501.0,1500.0,0.0,1100.0,0.00000,0.00000,0.00000,0.00000,0.00000
5.03980,0,1.17349,0.10001,449.47815,188.17186,0.00000,0.00000,0.00000,0.00000,0.00000,-1.30900,0.00000,0.00000,0.00000,-0.73135,-0.91773,0.00000,0.00000,0.00000,0.00000,0.00000,0.00000,-0.10001,0.00000,0.00000,0.00000,0.00000,0.00000,0.00000,5,0.12217,-0.00175,0.00175,0.00087,0.34907,0.00175,1502.0,1502.0,1640.0,1501.0,1500.0,0.0,1100.0,0.00000,0.00000,0.00000,0.00000,0.00000
5.14060,0,1.19433,0.10001,449.47815,188.17186,0.00000,0.00000,0.00000,0.00000,0.00000,-1.30900,0.00000,0.00000,0.00000,-0.69820,-0.96899,0.00000,0.00000,0.00000,0.00000,0.00000,0.00000,-0.10001,0.00000,0.00000,0.00000,0.00000,0.00000,0.00000,5,0.13875,-0.00087,0.00087,0.00000,0.34907,0.00087,1501.0,1501.0,1659.0,1500.0,1500.0,0.0,1100.0,0.00000,0.00000,0.00000,0.00000,0.00000
5.24140,0,1.21299,0.10001,449.47815,188.17186,0.00000,0.00000,0.00000,0.00000,0.00000,-1.30900,0.00000,0.00000,0.00000,-0.66571,-1.01399,0.00000,0.00000,0.00000,0.00000,0.00000,0.00000,-0.10001,0.00000,0.00000,0.00000,0.00000,0.00000,0.00000,5,0.11519,-0.00087,0.00087,0.00000,0.34907,0.00087,1501.0,1501.0,1632.0,1500.0,1500.0,0.0,1100.0,0.00000,0.00000,0.00000,0.00000,0.00000
5.34220,0,1.22916,0.10001,449.47815,188.17186,0.00000,0.00000,0.00000,0.00000,0.00000,-1.30900,0.00000,0.00000,0.00000,-0.63545,-1.05216,0.00000,0.00000,0.00000,0.00000,0.00000,0.00000,-0.10001,0.00000,0.00000,0.00000,0.00000,0.00000,0.00000,5,0.07854,-0.00087,0.00087,0.00000,0.34907,0.00087,1501.0,1501.0,1590.0,1500.0,1500.0,0.0,1100.0,0.00000,0.00000,0.00000,0.00000,0.00000
5.44299,0,1.24366,0.10001,449.47815,188.17186,0.00000,0.00000,0.00000,0.00000,0.00000,-1.30900,0.00000,0.00000,0.00000,-0.60669,-1.08564,0.00000,0.00000,0.00000,0.00000,0.00000,0.00000,-0.10001,0.00000,0.00000,0.00000,0.00000,0.00000,0.00000,5,0.03840,-0.00087,0.00087,0.00000,0.34907,0.00087,1501.0,1501.0,1544.0,1500.0,1500.0,0.0,1100.0,0.00000,0.00000,0.00000,0.00000,0.00000
5.54379,0,1.25621,0.10001,449.47815,188.17186,0.00000,0.00000,0.00000,0.00000,0.00000,-1.30900,0.00000,0.00000,0.00000,-0.58051,-1.11404,0.00000,0.00000,0.00000,0.00000,0.00000,0.00000,-0.10001,0.00000,0.00000,0.00000,0.00000,0.00000,0.00000,5,0.00175,-0.00087,0.00087,0.00000,0.34907,0.00087,1501.0,1501.0,1502.0,1500.0,1500.0,0.0,1100.0,0.00000,0.00000,0.00000,0.00000,0.00000
5.64459,0,1.26747,0.10001,449.47815,188.17186,0.00000,0.00000,0.00000,0.00000,0.00000,-1.30900,0.00000,0.00000,0.00000,-0.55609,-1.13896,0.00000,0.00000,0.00000,0.00000,0.00000,0.00000,-0.10001,0.00000,0.00000,0.00000,0.00000,0.00000,0.00000,5,-0.01134,-0.00087,0.00087,0.00000,0.34907,0.00087,1501.0,1501.0,1487.0,1500.0,1500.0,0.0,1100.0,0.00000,0.00000,0.00000,0.00000,0.00000
5.74539,0,1.27722,0.10001,449.47815,188.17186,0.00000,0.00000,0.00000,0.00000,0.00000,-1.30900,0.00000,0.00000,0.00000,-0.53418,-1.16014,0.00000,0.00000,0.00000,0.00000,0.00000,0.00000,-0.10001,0.00000,0.00000,0.00000,0.00000,0.00000,0.00000,5,-0.01309,-0.00087,0.00087,0.00000,0.34907,0.00087,1501.0,1501.0,1485.0,1500.0,1500.0,0.0,1100.0,0.00000,0.00000,0.00000,0.00000,0.00000
5.84618,0,1.28595,0.10001,449.47815,188.17186,0.00000,0.00000,0.00000,0.00000,0.00000,-1.30900,0.00000,0.00000,0.00000,-0.51399,-1.17877,0.00000,0.00000,0.00000,0.00000,0.00000,0.00000,-0.10001,0.00000,0.00000,0.00000,0.00000,0.00000,0.00000,5,-0.00611,0.00000,0.00000,0.00000,0.34907,0.00000,1500.0,1500.0,1493.0,1500.0,1500.0,0.0,1100.0,0.00000,0.00000,0.00000,0.00000,0.00000
5.94698,0,1.29352,0.10001,449.47815,188.17186,0.00000,0.00000,0.00000,0.00000,0.00000,-1.30900,0.00000,0.00000,0.00000,-0.49604,-1.19463,0.00000,0.00000,0.00000,0.00000,0.00000,0.00000,-0.10001,0.00000,0.00000,0.00000,0.00000,0.00000,0.00000,5,0.00000,0.00000,0.00000,0.00000,0.34907,0.00000,1500.0,1500.0,1500.0,1500.0,1500.0,0.0,1100.0,0.00000,0.00000,0.00000,0.00000,0.00000
6.04778,0,1.30031,0.10001,449.47815,188.17186,0.00000,0.00000,0.00000,0.00000,0.00000,-1.30900,0.00000,0.00000,0.00000,-0.47963,-1.20861,0.00000,0.00000,0.00000,0.00000,0.00000,0.00000,-0.10001,0.00000,0.00000,0.00000,0.00000,0.00000,0.00000,5,0.00175,0.00087,-0.00087,0.00000,0.34907,-0.00087,1499.0,1499.0,1502.0,1500.0,1500.0,0.0,1100.0,0.00000,0.00000,0.00000,0.00000,0.00000
6.14857,0,1.30618,0.10001,449.47815,188.17186,0.00000,0.00000,0.00000,0.00000,0.00000,-1.30900,0.00000,0.00000,0.00000,-0.46515,-1.22055,0.00000,0.00000,0.00000,0.00000,0.00000,0.00000,-0.10001,0.00000,0.00000,0.00000,0.00000,0.00000,0.00000,5,0.00000,0.00175,-0.00175,0.00000,0.34907,-0.00175,1498.0,1498.0,1500.0,1500.0,1500.0,0.0,1100.0,0.00000,0.00000,0.00000,0.00000,0.00000
6.24937,0,1.31145,0.10001,449.47815,188.17186,0.00000,0.00000,0.00000,0.00000,0.00000,-1.30900,0.00000,0.00000,0.00000,-0.45197,-1.23111,0.00000,0.00000,0.00000,0.00000,0.00000,0.00000,-0.10001,0.00000,0.00000,0.00000,0.00000,0.00000,0.00000,5,0.00000,0.00175,-0.00175,-0.00087,0.34907,-0.00175,1498.0,1498.0,1500.0,1499.0,1500.0,0.0,1100.0,0.00000,0.00000,0.00000,0.00000,0.00000
6.35017,0,1.31601,0.10001,449.47815,188.17186,0.00000,0.00000,0.00000,0.00000,0.00000,-1.30900,0.00000,0.00000,0.00000,-0.44040,-1.24014,0.00000,0.00000,0.00000,0.00000,0.00000,0.00000,-0.10001,0.00000,0.00000,0.00000,0.00000,0.00000,0.00000,5,-0.00175,0.00175,-0.00175,-0.00087,0.34907,-0.00175,1498.0,1498.0,1498.0,1499.0,1500.0,0.0,1100.0,0.00000,0.00000,0.00000,0.00000,0.00000
6.45097,0,1.32010,0.10001,449.47815,188.17186,0.00000,0.00000,0.00000,0.00000,0.00000,-1.30900,0.00000,0.00000,0.00000,-0.42991,-1.24814,0.00000,0.00000,0.00000,0.00000,0.00000,0.00000,-0.10001,0.00000,0.00000,0.00000,0.00000,0.00000,0.00000,5,0.01396,0.00262,-0.00262,-0.00087,0.34907,-0.00262,1497.0,1497.0,1516.0,1499.0,1500.0,0.0,1100.0,0.00000,0.00000,0.00000,0.00000,0.00000
6.55176,0,1.32365,0.10001,449.47815,188.17186,0.00000,0.00000,0.00000,0.00000,0.00000,-1.30900,0.00000,0.00000,0.00000,-0.42074,-1.25500,0.00000,0.00000,0.00000,0.00000,0.00000,0.00000,-0.10001,0.00000,0.00000,0.00000,0.00000,0.00000,0.00000,5,0.04276,0.00262,-0.00262,-0.00087,0.34907,-0.00262,1497.0,1497.0,1549.0,1499.0,1500.0,0.0,1100.0,0.00000,0.00000,0.00000,0.00000,0.00000
6.65256,0,1.32682,0.10001,449.47815,188.17186,0.00000,0.00000,0.00000,0.00000,0.00000,-1.30900,0.00000,0.00000,0.00000,-0.41244,-1.26109,0.00000,0.00000,0.00000,0.00000,0.00000,0.00000,-0.10001,0.00000,0.00000,0.00000,0.00000,0.00000,0.00000,5,0.07418,0.00262,-0.00262,-0.00087,0.34907,-0.00262,1497.0,1497.0,1585.0,1499.0,1500.0,0.0,1100.0,0.00000,0.00000,0.00000,0.00000,0.00000
6.75336,0,1.32957,0.10001,449.47815,188.17186,0.00000,0.00000,0.00000,0.00000,0.00000,-1.30900,0.00000,0.00000,0.00000,-0.40520,-1.26633,0.00000,0.00000,0.00000,0.00000,0.00000,0.00000,-0.10001,0.00000,0.00000,0.00000,0.00000,0.00000,0.00000,5,0.10385,0.00175,-0.00175,-0.00087,0.34907,-0.00175,1498.0,1498.0,1619.0,1499.0,1500.0,0.0,1100.0,0.00000,0.00000,0.00000,0.00000,0.00000
6.85415,0,1.33204,0.10001,449.47815,188.17186,0.00000,0.00000,0.00000,0.00000,0.00000,-1.30900,0.00000,0.00000,0.00000,-0.39867,-1.27098,0.00000,0.00000,0.00000,0.00000,0.00000,0.00000,-0.10001,0.00000,0.00000,0.00000,0.00000,0.00000,0.00000,5,0.12305,0.00087,-0.00087,0.00000,0.34907,-0.00087,1499.0,1499.0,1641.0,1500.0,1500.0,0.0,1100.0,0.00000,0.00000,0.00000,0.00000,0.00000
6.95495,0,1.33417,0.10001,449.47815,188.17186,0.00000,0.00000,0.00000,0.00000,0.00000,-1.30900,0.00000,0.00000,0.00000,-0.39297,-1.27499,0.00000,0.00000,0.00000,0.00000,0.00000,0.00000,-0.10001,0.00000,0.00000,0.00000,0.00000,0.00000,0.00000,5,0.11868,0.00000,0.00000,0.00000,0.34907,0.00000,1500.0,1500.0,1636.0,1500.0,1500.0,0.0,1100.0,0.00000,0.00000,0.00000,0.00000,0.00000
7.05575,0,1.33609,0.10001,449.47815,188.17186,0.00000,0.00000,0.00000,0.00000,0.00000,-1.30900,0.00000,0.00000,0.00000,-0.38785,-1.27856,0.00000,0.00000,0.00000,0.00000,0.00000,0.00000,-0.10001,0.00000,0.00000,0.00000,0.00000,0.00000,0.00000,5,0.10297,-0.00087,0.00087,0.00000,0.34907,0.00087,1501.0,1501.0,1618.0,1500.0,1500.0,0.0,1100.0,0.00000,0.00000,0.00000,0.00000,0.00000
7.15655,0,1.33775,0.10001,449.47815,188.17186,0.00000,0.00000,0.00000,0.00000,0.00000,-1.30900,0.00000,0.00000,0.00000,-0.38338,-1.28163,0.00000,0.00000,0.00000,0.00000,0.00000,0.00000,-0.10001,0.00000,0.00000,0.00000,0.00000,0.00000,0.00000,5,0.07592,-0.00175,0.00175,0.00000,0.34907,0.00175,1502.0,1502.0,1587.0,1500.0,1500.0,0.0,1100.0,0.00000,0.00000,0.00000,0.00000,0.00000
7.25734,0,1.33923,0.10001,449.47815,188.17186,0.00000,0.00000,0.00000,0.00000,0.00000,-1.30900,0.00000,0.00000,0.00000,-0.37937,-1.28438,0.00000,0.00000,0.00000,0.00000,0.00000,0.00000,-0.10001,0.00000,0.00000,0.00000,0.00000,0.00000,0.00000,5,0.04625,-0.00262,0.00262,0.00087,0.34907,0.00262,1503.0,1503.0,1553.0,1501.0,1500.0,0.0,1100.0,0.00000,0.00000,0.00000,0.00000,0.00000
7.35814,0,1.34052,0.10001,449.47815,188.17186,0.00000,0.00000,0.00000,0.00000,0.00000,-1.30900,0.00000,0.00000,0.00000,-0.37588,-1.28674,0.00000,0.00000,0.00000,0.00000,0.00000,0.00000,-0.10001,0.00000,0.00000,0.00000,0.00000,0.00000,0.00000,5,0.05760,-0.00262,0.00262,0.00087,0.34907,0.00262,1503.0,1503.0,1566.0,1501.0,1500.0,0.0,1100.0,0.00000,0.00000,0.00000,0.00000,0.00000
7.45894,0,1.34167,0.10001,449.47815,188.17186,0.00000,0.00000,0.00000,0.00000,0.00000,-1.30900,0.00000,0.00000,0.00000,-0.37275,-1.28885,0.00000,0.00000,0.00000,0.00000,0.00000,0.00000,-0.10001,0.00000,0.00000,0.00000,0.00000,0.00000,0.00000,5,0.09076,-0.00262,0.00262,0.00087,0.34907,0.00262,1503.0,1503.0,1604.0,1501.0,1500.0,0.0,1100.0,0.00000,0.00000,0.00000,0.00000,0.00000
7.55973,0,1.34267,0.10001,449.47815,188.17186,0.00000,0.00000,0.00000,0.00000,0.00000,-1.30900,0.00000,0.00000,0.00000,-0.37002,-1.29068,0.00000,0.00000,0.00000,0.00000,0.00000,0.00000,-0.10001,0.00000,0.00000,0.00000,0.00000,0.00000,0.00000,5,0.09687,-0.00262,0.00262,0.00087,0.34907,0.00262,1503.0,1503.0,1611.0,1501.0,1500.0,0.0,1100.0,0.00000,0.00000,0.00000,0.00000,0.00000
7.66053,0,1.34357,0.10001,449.47815,188.17186,0.00000,0.00000,0.00000,0.00000,0.00000,-1.30900,0.00000,0.00000,0.00000,-0.36758,-1.29231,0.00000,0.00000,0.00000,0.00000,0.00000,0.00000,-0.10001,0.00000,0.00000,0.00000,0.00000,0.00000,0.00000,5,0.07941,-0.00262,0.00262,0.00087,0.34907,0.00262,1503.0,1503.0,1591.0,1501.0,1500.0,0.0,1100.0,0.00000,0.00000,0.00000,0.00000,0.00000
7.76133,0,1.34435,0.10001,449.47815,188.17186,0.00000,0.00000,0.00000,0.00000,0.00000,-1.30900,0.00000,0.00000,0.00000,-0.36545,-1.29372,0.00000,0.00000,0.00000,0.00000,0.00000,0.00000,-0.10001,0.00000,0.00000,0.00000,0.00000,0.00000,0.00000,5,0.05236,-0.00262,0.00262,0.00087,0.34907,0.00262,1503.0,1503.0,1560.0,1501.0,1500.0,0.0,1100.0,0.00000,0.00000,0.00000,0.00000,0.00000
7.86213,0,1.34504,0.10001,449.47815,188.17186,0.00000,0.00000,0.00000,0.00000,0.00000,-1.30900,0.00000,0.00000,0.00000,-0.36355,-1.29498,0.00000,0.00000,0.00000,0.00000,0.00000,0.00000,-0.10001,0.00000,0.00000,0.00000,0.00000,0.00000,0.00000,5,0.01920,-0.00175,0.00175,0.00087,0.34907,0.00175,1502.0,1502.0,1522.0,1501.0,1500.0,0.0,1100.0,0.00000,0.00000,0.00000,0.00000,0.00000
7.96292,0,1.34564,0.10001,449.47815,188.17186,0.00000,0.00000,0.00000,0.00000,0.00000,-1.30900,0.00000,0.00000,0.00000,-0.36189,-1.29607,0.00000,0.00000,0.00000,0.00000,0.00000,0.00000,-0.10001,0.00000,0.00000,0.00000,0.00000,0.00000,0.00000,5,-0.00785,-0.00175,0.00175,0.00087,0.34907,0.00175,1502.0,1502.0,1491.0,1501.0,1500.0,0.0,1100.0,0.00000,0.00000,0.00000,0.00000,0.00000
8.06368,0,1.34618,0.10001,449.47815,188.17186,0.00000,0.00000,0.00000,0.00000,0.00000,-1.30900,0.00000,0.00000,0.00000,-0.36041,-1.29704,0.00000,0.00000,0.00000,0.00000,0.00000,0.00000,-0.10001,0.00000,0.00000,0.00000,0.00000,0.00000,0.00000,5,-0.02007,-0.00175,0.00175,0.00087,0.34907,0.00175,1502.0,1502.0,1477.0,1501.0,1500.0,0.0,1100.0,0.00000,0.00000,0.00000,0.00000,0.00000
8.16442,0,1.34665,0.10001,449.47815,188.17186,0.00000,0.00000,0.00000,0.00000,0.00000,-1.30900,0.00000,0.00000,0.00000,-0.35912,-1.29788,0.00000,0.00000,0.00000,0.00000,0.00000,0.00000,-0.10001,0.00000,0.00000,0.00000,0.00000,0.00000,0.00000,5,-0.01571,-0.00087,0.00087,0.00000,0.34907,0.00087,1501.0,1501.0,1482.0,1500.0,1500.0,0.0,1100.0,0.00000,0.00000,0.00000,0.00000,0.00000
8.26516,0,1.34707,0.10001,449.47815,188.17186,0.00000,0.00000,0.00000,0.00000,0.00000,-1.30900,0.00000,0.00000,0.00000,-0.35797,-1.29864,0.00000,0.00000,0.00000,0.00000,0.00000,0.00000,-0.10001,0.00000,0.00000,0.00000,0.00000,0.00000,0.00000,5,0.02036,0.00000,0.00000,0.00000,0.34907,0.00000,1500.0,1500.0,1530.0,1500.0,1500.0,0.0,1100.0,0.00000,0.00000,0.00000,0.00000,0.00000
8.36590,0,1.34743,0.10001,449.47815,188.17186,0.00000,0.00000,0.00000,0.00000,0.00000,-1.30900,0.00000,0.00000,0.00000,-0.35697,-1.29929,0.00000,0.00000,0.00000,0.00000,0.00000,0.00000,-0.10001,0.00000,0.00000,0.00000,0.00000,0.00000,0.00000,5,0.06603,0.00087,-0.00087,0.00000,0.34907,-0.00087,1499.0,1499.0,1578.0,1500.0,1500.0,0.0,1100.0,0.00000,0.00000,0.00000,0.00000,0.00000
8.46664,0,1.34776,0.10001,449.47815,188.17186,0.00000,0.00000,0.00000,0.00000,0.00000,-1.30900,0.00000,0.00000,0.00000,-0.35607,-1.29987,0.00000,0.00000,0.00000,0.00000,0.00000,0.00000,-0.10001,0.00000,0.00000,0.00000,0.00000,0.00000,0.00000,5,0.10297,0.00175,-0.00175,0.00000,0.34907,-0.00175,1498.0,1498.0,1618.0,1500.0,1500.0,0.0,1100.0,0.00000,0.00000,0.00000,0.00000,0.00000
8.56738,0,1.34804,0.10001,449.47815,188.17186,0.00000,0.00000,0.00000,0.00000,0.00000,-1.30900,0.00000,0.00000,0.00000,-0.35529,-1.30038,0.00000,0.00000,0.00000,0.00000,0.00000,0.00000,-0.10001,0.00000,0.00000,0.00000,0.00000,0.00000,0.00000,5,0.12479,0.00175,-0.00175,-0.00087,0.34907,-0.00175,1498.0,1498.0,1643.0,1499.0,1500.0,0.0,1100.0,0.00000,0.00000,0.00000,0.00000,0.00000
8.66812,0,1.34829,0.10001,449.47815,188.17186,0.00000,0.00000,0.00000,0.00000,0.00000,-1.30900,0.00000,0.00000,0.00000,-0.35459,-1.30083,0.00000,0.00000,0.00000,0.00000,0.00000,0.00000,-0.10001,0.00000,0.00000,0.00000,0.00000,0.00000,0.00000,5,0.08727,0.00087,-0.00087,0.00000,0.34907,-0.00087,1499.0,1499.0,1600.0,1500.0,1500.0,0.0,1100.0,0.00000,0.00000,0.00000,0.00000,0.00000
8.76886,0,1.34851,0.10001,449.47815,188.17186,0.00000,0.00000,0.00000,0.00000,0.00000,-1.30900,0.00000,0.00000,0.00000,-0.35399,-1.30122,0.00000,0.00000,0.00000,0.00000,0.00000,0.00000,-0.10001,0.00000,0.00000,0.00000,0.00000,0.00000,0.00000,5,0.02967,0.00087,-0.00087,0.00000,0.34907,-0.00087,1499.0,1499.0,1534.0,1500.0,1500.0,0.0,1100.0,0.00000,0.00000,0.00000,0.00000,0.00000
8.86960,0,1.34871,0.10001,449.47815,188.17186,0.00000,0.00000,0.00000,0.00000,0.00000,-1.30900,0.00000,0.00000,0.00000,-0.35344,-1.30158,0.00000,0.00000,0.00000,0.00000,0.00000,0.00000,-0.10001,0.00000,0.00000,0.00000,0.00000,0.00000,0.00000,5,0.00436,0.00000,0.00000,0.00000,0.34907,0.00000,1500.0,1500.0,1505.0,1500.0,1500.0,0.0,1100.0,0.00000,0.00000,0.00000,0.00000,0.00000
8.97034,0,1.34888,0.10001,449.47815,188.17186,0.00000,0.00000,0.00000,0.00000,0.00000,-1.30900,0.00000,0.00000,0.00000,-0.35297,-1.30188,0.00000,0.00000,0.00000,0.00000,0.00000,0.00000,-0.10001,0.00000,0.00000,0.00000,0.00000,0.00000,0.00000,5,-0.00262,0.00000,0.00000,0.00000,0.34907,0.00000,1500.0,1500.0,1497.0,1500.0,1500.0,0.0,1100.0,0.00000,0.00000,0.00000,0.00000,0.00000
9.07108,0,1.34903,0.10001,449.47815,188.17186,0.00000,0.00000,0.00000,0.00000,0.00000,-1.30900,0.00000,0.00000,0.00000,-0.35255,-1.30215,0.00000,0.00000,0.00000,0.00000,0.00000,0.00000,-0.10001,0.00000,0.00000,0.00000,0.00000,0.00000,0.00000,5,0.01745,0.00000,0.00000,0.00000,0.34907,0.00000,1500.0,1500.0,1520.0,1500.0,1500.0,0.0,1100.0,0.00000,0.00000,0.00000,0.00000,0.00000
9.17182,0,1.34916,0.10001,449.47815,188.17186,0.00000,0.00000,0.00000,0.00000,0.00000,-1.30900,0.00000,0.00000,0.00000,-0.35218,-1.30239,0.00000,0.00000,0.00000,0.00000,0.00000,0.00000,-0.10001,0.00000,0.00000,0.00000,0.00000,0.00000,0.00000,5,0.05672,0.00000,0.00000,0.00000,0.34907,0.00000,1500.0,1500.0,1565.0,1500.0,1500.0,0.0,1100.0,0.00000,0.00000,0.00000,0.00000,0.00000
9.27256,0,1.34928,0.10001,449.47815,188.17186,0.00000,0.00000,0.00000,0.00000,0.00000,-1.30900,0.00000,0.00000,0.00000,-0.35186,-1.30260,0.00000,0.00000,0.00000,0.00000,0.00000,0.00000,-0.10001,0.00000,0.00000,0.00000,0.00000,0.00000,0.00000,5,0.08901,0.00000,0.00000,0.00000,0.34907,0.00000,1500.0,1500.0,1602.0,1500.0,1500.0,0.0,1100.0,0.00000,0.00000,0.00000,0.00000,0.00000
9.37330,0,1.34939,0.10001,449.47815,188.17186,0.00000,0.00000,0.00000,0.00000,0.00000,-1.30900,0.00000,0.00000,0.00000,-0.35157,-1.30278,0.00000,0.00000,0.00000,0.00000,0.00000,0.00000,-0.10001,0.00000,0.00000,0.00000,0.00000,0.00000,0.00000,5,0.10123,0.00000,0.00000,0.00000,0.34907,0.00000,1500.0,1500.0,1616.0,1500.0,1500.0,0.0,1100.0,0.00000,0.00000,0.00000,0.00000,0.00000
9.47404,0,1.34948,0.10001,449.47815,188.17186,0.00000,0.00000,0.00000,0.00000,0.00000,-1.30900,0.00000,0.00000,0.00000,-0.35132,-1.30294,0.00000,0.00000,0.00000,0.00000,0.00000,0.00000,-0.10001,0.00000,0.00000,0.00000,0.00000,0.00000,0.00000,5,0.10559,0.00000,0.00000,0.00000,0.34907,0.00000,1500.0,1500.0,1621.0,1500.0,1500.0,0.0,1100.0,0.00000,0.00000,0.00000,0.00000,0.00000
9.57478,0,1.34956,0.10001,449.47815,188.17186,0.00000,0.00000,0.00000,0.00000,0.00000,-1.30900,0.00000,0.00000,0.00000,-0.35110,-1.30309,0.00000,0.00000,0.00000,0.00000,0.00000,0.00000,-0.10001,0.00000,0.00000,0.00000,0.00000,0.00000,0.00000,5,0.10297,0.00000,0.00000,0.00000,0.34907,0.00000,1500.0,1500.0,1618.0,1500.0,1500.0,0.0,1100.0,0.00000,0.00000,0.00000,0.00000,0.00000
9.67552,0,1.34963,0.10001,449.47815,188.17186,0.00000,0.00000,0.00000,0.00000,0.00000,-1.30900,0.00000,0.00000,0.00000,-0.35090,-1.30321,0.00000,0.00000,0.00000,0.00000,0.00000,0.00000,-0.10001,0.00000,0.00000,0.00000,0.00000,0.00000,0.00000,5,0.09687,0.00000,0.00000,0.00000,0.34907,0.00000,1500.0,1500.0,1611.0,1500.0,1500.0,0.0,1100.0,0.00000,0.00000,0.00000,0.00000,0.00000
9.77625,0,1.34969,0.10001,449.47815,188.17186,0.00000,0.00000,0.00000,0.00000,0.00000,-1.30900,0.00000,0.00000,0.00000,-0.35073,-1.30332,0.00000,0.00000,0.00000,0.00000,0.00000,0.00000,-0.10001,0.00000,0.00000,0.00000,0.00000,0.00000,0.00000,5,0.08901,0.00000,0.00000,0.00000,0.34907,0.00000,1500.0,1500.0,1602.0,1500.0,1500.0,0.0,1100.0,0.00000,0.00000,0.00000,0.00000,0.00000
9.87699,0,1.34975,0.10001,449.47815,188.17186,0.00000,0.00000,0.00000,0.00000,0.00000,-1.30900,0.00000,0.00000,0.00000,-0.35057,-1.30342,0.00000,0.00000,0.00000,0.00000,0.00000,0.00000,-0.10001,0.00000,0.00000,0.00000,0.00000,0.00000,0.00000,5,0.08029,0.00000,0.00000,0.00000,0.34907,0.00000,1500.0,1500.0,1592.0,1500.0,1500.0,0.0,1100.0,0.00000,0.00000,0.00000,0.00000,0.00000
9.97773,0,1.34979,0.10001,449.47815,188.17186,0.00000,0.00000,0.00000,0.00000,0.00000,-1.30900,0.00000,0.00000,0.00000,-0.35044,-1.30351,0.00000,0.00000,0.00000,0.00000,0.00000,0.00000,-0.10001,0.00000,0.00000,0.00000,0.00000,0.00000,0.00000,5,0.07330,0.00000,0.00000,0.00000,0.34907,0.00000,1500.0,1500.0,1584.0,1500.0,1500.0,0.0,1100.0,0.00000,0.00000,0.00000,0.00000,0.00000
10.07847,0,1.34984,0.10001,449.47815,188.17186,0.00000,0.00000,0.00000,0.00000,0.00000,-1.30900,0.00000,0.00000,0.00000,-0.35032,-1.30358,0.00000,0.00000,0.00000,0.00000,0.00000,0.00000,-0.10001,0.00000,0.00000,0.00000,0.00000,0.00000,0.00000,5,0.06545,0.00000,0.00000,0.00000,0.34907,0.00000,1500.0,1500.0,1575.0,1500.0,1500.0,0.0,1100.0,0.00000,0.00000,0.00000,0.00000,0.00000
10.17921,0,1.34987,0.10001,449.47815,188.17186,0.00000,0.00000,0.00000,0.00000,0.00000,-1.30900,0.00000,0.00000,0.00000,-0.35022,-1.30365,0.00000,0.00000,0.00000,0.00000,0.00000,0.00000,-0.10001,0.00000,0.00000,0.00000,0.00000,0.00000,0.00000,5,0.05934,0.00000,0.00000,0.00000,0.34907,0.00000,1500.0,1500.0,1568.0,1500.0,1500.0,0.0,1100.0,0.00000,0.00000,0.00000,0.00000,0.00000
10.27995,0,1.34991,0.10001,449.47815,188.17186,0.00000,0.00000,0.00000,0.00000,0.00000,-1.30900,0.00000,0.00000,0.00000,-0.35012,-1.30371,0.00000,0.00000,0.00000,0.00000,0.00000,0.00000,-0.10001,0.00000,0.00000,0.00000,0.00000,0.00000,0.00000,5,0.05498,0.00000,0.00000,0.00000,0.34907,0.00000,1500.0,1500.0,1563.0,1500.0,1500.0,0.0,1100.0,0.00000,0.00000,0.00000,0.00000,0.00000
10.38069,0,1.34994,0.10001,449.47815,188.17186,0.00000,0.00000,0.00000,0.00000,0.00000,-1.30900,0.00000,0.00000,0.00000,-0.35005,-1.30376,0.00000,0.00000,0.00000,0.00000,0.00000,0.00000,-0.10001,0.00000,0.00000,0.00000,0.00000,0.00000,0.00000,5,0.05149,0.00000,0.00000,0.00000,0.34907,0.00000,1500.0,1500.0,1559.0,1500.0,1500.0,0.0,1100.0,0.00000,0.00000,0.00000,0.00000,0.00000
10.48143,0,1.34996,0.10001,449.47815,188.17186,0.00000,0.00000,0.00000,0.00000,0.00000,-1.30900,0.00000,0.00000,0.00000,-0.34997,-1.30381,0.00000,0.00000,0.00000,0.00000,0.00000,0.00000,-0.10001,0.00000,0.00000,0.00000,0.00000,0.00000,0.00000,5,0.04974,0.00000,0.00000,0.00000,0.34907,0.00000,1500.0,1500.0,1557.0,1500.0,1500.0,0.0,1100.0,0.00000,0.00000,0.00000,0.00000,0.00000
10.58217,0,1.34998,0.10001,449.47815,188.17186,0.00000,0.00000,0.00000,0.00000,0.00000,-1.30900,0.00000,0.00000,0.00000,-0.34992,-1.30385,0.00000,0.00000,0.00000,0.00000,0.00000,0.00000,-0.10001,0.00000,0.00000,0.00000,0.00000,0.00000,0.00000,5,0.04800,0.00000,0.00000,0.00000,0.34907,0.00000,1500.0,1500.0,1555.0,1500.0,1500.0,0.0,1100.0,0.00000,0.00000,0.00000,0.00000,0.00000
10.68291,0,1.35000,0.10001,449.47815,188.17186,0.00000,0.00000,0.00000,0.00000,0.00000,-1.30900,0.00000,0.00000,0.00000,-0.34986,-1.30388,0.00000,0.00000,0.00000,0.00000,0.00000,0.00000,-0.10001,0.00000,0.00000,0.00000,0.00000,0.00000,0.00000,5,0.04800,0.00000,0.00000,0.00000,0.34907,0.00000,1500.0,1500.0,1555.0,1500.0,1500.0,0.0,1100.0,0.00000,0.00000,0.00000,0.00000,0.00000
10.78365,0,1.35002,0.10001,449.47815,188.17186,0.00000,0.00000,0.00000,0.00000,0.00000,-1.30900,0.00000,0.00000,0.00000,-0.34981,-1.30391,0.00000,0.00000,0.00000,0.00000,0.00000,0.00000,-0.10001,0.00000,0.00000,0.00000,0.00000,0.00000,0.00000,5,0.04800,0.00000,0.00000,0.00000,0.34907,0.00000,1500.0,1500.0,1555.0,1500.0,1500.0,0.0,1100.0,0.00000,0.00000,0.00000,0.00000,0.00000
10.88439,0,1.35004,0.10001,449.47815,188.17186,0.00000,0.00000,0.00000,0.00000,0.00000,-1.30900,0.00000,0.00000,0.00000,-0.34977,-1.30394,0.00000,0.00000,0.00000,0.00000,0.00000,0.00000,-0.10001,0.00000,0.00000,0.00000,0.00000,0.00000,0.00000,5,0.04887,0.00000,0.00000,0.00000,0.34907,0.00000,1500.0,1500.0,1556.0,1500.0,1500.0,0.0,1100.0,0.00000,0.00000,0.00000,0.00000,0.00000
10.98513,0,1.35005,0.10001,449.47815,188.17186,0.00000,0.00000,0.00000,0.00000,0.00000,-1.30900,0.00000,0.00000,0.00000,-0.34973,-1.30397,0.00000,0.00000,0.00000,0.00000,0.00000,0.00000,-0.10001,0.00000,0.00000,0.00000,0.00000,0.00000,0.00000,5,0.04974,0.00000,0.00000,0.00000,0.34907,0.00000,1500.0,1500.0,1557.0,1500.0,1500.0,0.0,1100.0,0.00000,0.00000,0.00000,0.00000,0.00000
11.08587,0,1.35006,0.10001,449.47815,188.17186,0.00000,0.00000,0.00000,0.00000,0.00000,-1.30900,0.00000,0.00000,0.00000,-0.34969,-1.30399,0.00000,0.00000,0.00000,0.00000,0.00000,0.00000,-0.10001,0.00000,0.00000,0.00000,0.00000,0.00000,0.00000,5,0.05061,0.00000,0.00000,0.00000,0.34907,0.00000,1500.0,1500.0,1558.0,1500.0,1500.0,0.0,1100.0,0.00000,0.00000,0.00000,0.00000,0.00000
11.18661,0,1.35007,0.10001,449.47815,188.17186,0.00000,0.00000,0.00000,0.00000,0.00000,-1.30900,0.00000,0.00000,0.00000,-0.34966,-1.30401,0.00000,0.00000,0.00000,0.00000,0.00000,0.00000,-0.10001,0.00000,0.00000,0.00000,0.00000,0.00000,0.00000,5,0.05149,0.00000,0.00000,0.00000,0.34907,0.00000,1500.0,1500.0,1559.0,1500.0,1500.0,0.0,1100.0,0.00000,0.00000,0.00000,0.00000,0.00000
11.28735,0,1.35008,0.10001,449.47815,188.17186,0.00000,0.00000,0.00000,0.00000,0.00000,-1.30900,0.00000,0.00000,0.00000,-0.34964,-1.30402,0.00000,0.00000,0.00000,0.00000,0.00000,0.00000,-0.10001,0.00000,0.00000,0.00000,0.00000,0.00000,0.00000,5,0.05236,0.00000,0.00000,0.00000,0.34907,0.00000,1500.0,1500.0,1560.0,1500.0,1500.0,0.0,1100.0,0.00000,0.00000,0.00000,0.00000,0.00000
11.38809,0,1.35009,0.10001,449.47815,188.17186,0.00000,0.00000,0.00000,0.00000,0.00000,-1.30900,0.00000,0.00000,0.00000,-0.34963,-1.30404,0.00000,0.00000,0.00000,0.00000,0.00000,0.00000,-0.10001,0.00000,0.00000,0.00000,0.00000,0.00000,0.00000,5,0.05323,0.00000,0.00000,0.00000,0.34907,0.00000,1500.0,1500.0,1561.0,1500.0,1500.0,0.0,1100.0,0.00000,0.00000,0.00000,0.00000,0.00000
11.48883,0,1.35010,0.10001,449.47815,188.17186,0.00000,0.00000,0.00000,0.00000,0.00000,-1.30900,0.00000,0.00000,0.00000,-0.34961,-1.30405,0.00000,0.00000,0.00000,0.00000,0.00000,0.00000,-0.10001,0.00000,0.00000,0.00000,0.00000,0.00000,0.00000,5,0.05323,0.00000,0.00000,0.00000,0.34907,0.00000,1500.0,1500.0,1561.0,1500.0,1500.0,0.0,1100.0,0.00000,0.00000,0.00000,0.00000,0.00000
11.58957,0,1.35010,0.10001,449.47815,188.17186,0.00000,0.00000,0.00000,0.00000,0.00000,-1.30900,0.00000,0.00000,0.00000,-0.34959,-1.30406,0.00000,0.00000,0.00000,0.00000,0.00000,0.00000,-0.10001,0.00000,0.00000,0.00000,0.00000,0.00000,0.00000,5,0.05411,0.00000,0.00000,0.00000,0.34907,0.00000,1500.0,1500.0,1562.0,1500.0,1500.0,0.0,1100.0,0.00000,0.00000,0.00000,0.00000,0.00000
11.69030,0,1.35011,0.10001,449.47815,188.17186,0.00000,0.00000,0.00000,0.00000,0.00000,-1.30900,0.00000,0.00000,0.00000,-0.34957,-1.30407,0.00000,0.00000,0.00000,0.00000,0.00000,0.00000,-0.10001,0.00000,0.00000,0.00000,0.00000,0.00000,0.00000,5,0.05411,0.00000,0.00000,0.00000,0.34907,0.00000,1500.0,1500.0,1562.0,1500.0,1500.0,0.0,1100.0,0.00000,0.00000,0.00000,0.00000,0.00000
11.79104,0,1.35011,0.10001,449.47815,188.17186,0.00000,0.00000,0.00000,0.00000,0.00000,-1.30900,0.00000,0.00000,0.00000,-0.34955,-1.30408,0.00000,0.00000,0.00000,0.00000,0.00000,0.00000,-0.10001,0.00000,0.00000,0.00000,0.00000,0.00000,0.00000,5,0.05411,0.00000,0.00000,0.00000,0.34907,0.00000,1500.0,1500.0,1562.0,1500.0,1500.0,0.0,1100.0,0.00000,0.00000,0.00000,0.00000,0.00000
11.89178,0,1.35012,0.10001,449.47815,188.17186,0.00000,0.00000,0.00000,0.00000,0.00000,-1.30900,0.00000,0.00000,0.00000,-0.34953,-1.30409,0.00000,0.00000,0.00000,0.00000,0.00000,0.00000,-0.10001,0.00000,0.00000,0.00000,0.00000,0.00000,0.00000,5,0.05411,0.00000,0.00000,0.00000,0.34907,0.00000,1500.0,1500.0,1562.0,1500.0,1500.0,0.0,1100.0,0.00000,0.00000,0.00000,0.00000,0.00000
11.99252,0,1.35012,0.10001,449.47815,188.17186,0.00000,0.00000,0.00000,0.00000,0.00000,-1.30900,0.00000,0.00000,0.00000,-0.34952,-1.30410,0.00000,0.00000,0.00000,0.00000,0.00000,0.00000,-0.10001,0.00000,0.00000,0.00000,0.00000,0.00000,0.00000,5,0.05411,0.00000,0.00000,0.00000,0.34907,0.00000,1500.0,1500.0,1562.0,1500.0,1500.0,0.0,1100.0,0.00000,0.00000,0.00000,0.00000,0.00000
12.09326,0,1.35013,0.10001,449.47815,188.17186,0.00000,0.00000,0.00000,0.00000,0.00000,-1.30900,0.00000,0.00000,0.00000,-0.34952,-1.30410,0.00000,0.00000,0.00000,0.00000,0.00000,0.00000,-0.10001,0.00000,0.00000,0.00000,0.00000,0.00000,0.00000,5,0.05411,0.00000,0.00000,0.00000,0.34907,0.00000,1500.0,1500.0,1562.0,1500.0,1500.0,0.0,1100.0,0.00000,0.00000,0.00000,0.00000,0.00000
12.19400,0,1.35013,0.10001,449.47815,188.17186,0.00000,0.00000,0.00000,0.00000,0.00000,-1.30900,0.00000,0.00000,0.00000,-0.34952,-1.30411,0.00000,0.00000,0.00000,0.00000,0.00000,0.00000,-0.10001,0.00000,0.00000,0.00000,0.00000,0.00000,0.00000,5,0.05411,0.00000,0.00000,0.00000,0.34907,0.00000,1500.0,1500.0,1562.0,1500.0,1500.0,0.0,1100.0,0.00000,0.00000,0.00000,0.00000,0.00000
12.29474,0,1.35013,0.10001,449.47815,188.17186,0.00000,0.00000,0.00000,0.00000,0.00000,-1.30900,0.00000,0.00000,0.00000,-0.34952,-1.30411,0.00000,0.00000,0.00000,0.00000,0.00000,0.00000,-0.10001,0.00000,0.00000,0.00000,0.00000,0.00000,0.00000,5,0.05411,0.00000,0.00000,0.00000,0.34907,0.00000,1500.0,1500.0,1562.0,1500.0,1500.0,0.0,1100.0,0.00000,0.00000,0.00000,0.00000,0.00000
12.39548,0,1.35013,0.10001,449.47815,188.17186,0.00000,0.00000,0.00000,0.00000,0.00000,-1.30900,0.00000,0.00000,0.00000,-0.34952,-1.30411,0.00000,0.00000,0.00000,0.00000,0.00000,0.00000,-0.10001,0.00000,0.00000,0.00000,0.00000,0.00000,0.00000,5,0.05411,0.00000,0.00000,0.00000,0.34907,0.00000,1500.0,1500.0,1562.0,1500.0,1500.0,0.0,1100.0,0.00000,0.00000,0.00000,0.00000,0.00000
12.49622,0,1.35013,0.10001,449.47815,188.17186,0.00000,0.00000,0.00000,0.00000,0.00000,-1.30900,0.00000,0.00000,0.00000,-0.34952,-1.30411,0.00000,0.00000,0.00000,0.00000,0.00000,0.00000,-0.10001,0.00000,0.00000,0.00000,0.00000,0.00000,0.00000,5,0.05323,0.00000,0.00000,0.00000,0.34907,0.00000,1500.0,1500.0,1561.0,1500.0,1500.0,0.0,1100.0,0.00000,0.00000,0.00000,0.00000,0.00000
12.59696,0,1.35013,0.10001,449.47815,188.17186,0.00000,0.00000,0.00000,0.00000,0.00000,-1.30900,0.00000,0.00000,0.00000,-0.34952,-1.30411,0.00000,0.00000,0.00000,0.00000,0.00000,0.00000,-0.10001,0.00000,0.00000,0.00000,0.00000,0.00000,0.00000,5,0.05323,0.00000,0.00000,0.00000,0.34907,0.00000,1500.0,1500.0,1561.0,1500.0,1500.0,0.0,1100.0,0.00000,0.00000,0.00000,0.00000,0.00000
12.69770,0,1.35013,0.10001,449.47815,188.17186,0.00000,0.00000,0.00000,0.00000,0.00000,-1.30900,0.00000,0.00000,0.00000,-0.34952,-1.30411,0.00000,0.00000,0.00000,0.00000,0.00000,0.00000,-0.10001,0.00000,0.00000,0.00000,0.00000,0.00000,0.00000,5,0.05323,0.00000,0.00000,0.00000,0.34907,0.00000,1500.0,1500.0,1561.0,1500.0,1500.0,0.0,1100.0,0.00000,0.00000,0.00000,0.00000,0.00000
12.79844,0,1.35013,0.10001,449.47815,188.17186,0.00000,0.00000,0.00000,0.00000,0.00000,-1.30900,0.00000,0.00000,0.00000,-0.34952,-1.30411,0.00000,0.00000,0.00000,0.00000,0.00000,0.00000,-0.10001,0.00000,0.00000,0.00000,0.00000,0.00000,0.00000,5,0.05323,0.00000,0.00000,0.00000,0.34907,0.00000,1500.0,1500.0,1561.0,1500.0,1500.0,0.0,1100.0,0.00000,0.00000,0.00000,0.00000,0.00000
12.89918,0,1.35013,0.10001,449.47815,188.17186,0.00000,0.00000,0.00000,0.00000,0.00000,-1.30900,0.00000,0.00000,0.00000,-0.34952,-1.30411,0.00000,0.00000,0.00000,0.00000,0.00000,0.00000,-0.10001,0.00000,0.00000,0.00000,0.00000,0.00000,0.00000,5,0.05323,0.00000,0.00000,0.00000,0.34907,0.00000,1500.0,1500.0,1561.0,1500.0,1500.0,0.0,1100.0,0.00000,0.00000,0.00000,0.00000,0.00000
12.99992,0,1.35013,0.10001,449.47815,188.17186,0.00000,0.00000,0.00000,0.00000,0.00000,-1.30900,0.00000,0.00000,0.00000,-0.34952,-1.30411,0.00000,0.00000,0.00000,0.00000,0.00000,0.00000,-0.10001,0.00000,0.00000,0.00000,0.00000,0.00000,0.00000,5,0.05323,0.00000,0.00000,0.00000,0.34907,0.00000,1500.0,1500.0,1561.0,1500.0,1500.0,0.0,1100.0,0.00000,0.00000,0.00000,0.00000,0.00000
13.10066,0,1.35013,0.10001,449.47815,188.17186,0.00000,0.00000,0.00000,0.00000,0.00000,-1.30900,0.00000,0.00000,0.00000,-0.34952,-1.30411,0.00000,0.00000,0.00000,0.00000,0.00000,0.00000,-0.10001,0.00000,0.00000,0.00000,0.00000,0.00000,0.00000,5,0.05323,0.00000,0.00000,0.00000,0.34907,0.00000,1500.0,1500.0,1561.0,1500.0,1500.0,0.0,1100.0,0.00000,0.00000,0.00000,0.00000,0.00000
13.20140,0,1.35013,0.10001,449.47815,188.17186,0.00000,0.00000,0.00000,0.00000,0.00000,-1.30900,0.00000,0.00000,0.00000,-0.34952,-1.30411,0.00000,0.00000,0.00000,0.00000,0.00000,0.00000,-0.10001,0.00000,0.00000,0.00000,0.00000,0.00000,0.00000,5,0.05323,0.00000,0.00000,0.00000,0.34907,0.00000,1500.0,1500.0,1561.0,1500.0,1500.0,0.0,1100.0,0.00000,0.00000,0.00000,0.00000,0.00000
13.30214,0,1.35013,0.10001,449.47815,188.17186,0.00000,0.00000,0.00000,0.00000,0.00000,-1.30900,0.00000,0.00000,0.00000,-0.34952,-1.30411,0.00000,0.00000,0.00000,0.00000,0.00000,0.00000,-0.10001,0.00000,0.00000,0.00000,0.00000,0.00000,0.00000,5,0.05323,0.00000,0.00000,0.00000,0.34907,0.00000,1500.0,1500.0,1561.0,1500.0,1500.0,0.0,1100.0,0.00000,0.00000,0.00000,0.00000,0.00000
13.40288,0,1.35013,0.10001,449.47815,188.17186,0.00000,0.00000,0.00000,0.00000,0.00000,-1.30900,0.00000,0.00000,0.00000,-0.34952,-1.30411,0.00000,0.00000,0.00000,0.00000,0.00000,0.00000,-0.10001,0.00000,0.00000,0.00000,0.00000,0.00000,0.00000,5,0.05323,0.00000,0.00000,0.00000,0.34907,0.00000,1500.0,1500.0,1561.0,1500.0,1500.0,0.0,1100.0,0.00000,0.00000,0.00000,0.00000,0.00000
13.50362,0,1.35013,0.10001,449.47815,188.17186,0.00000,0.00000,0.00000,0.00000,0.00000,-1.30900,0.00000,0.00000,0.00000,-0.34952,-1.30411,0.00000,0.00000,0.00000,0.00000,0.00000,0.00000,-0.10001,0.00000,0.00000,0.00000,0.00000,0.00000,0.00000,5,0.05323,0.00000,0.00000,0.00000,0.34907,0.00000,1500.0,1500.0,1561.0,1500.0,1500.0,0.0,1100.0,0.00000,0.00000,0.00000,0.00000,0.00000
13.60435,0,1.35013,0.10001,449.47815,188.17186,0.00000,0.00000,0.00000,0.00000,0.00000,-1.30900,0.00000,0.00000,0.00000,-0.34952,-1.30411,0.00000,0.00000,0.00000,0.00000,0.00000,0.00000,-0.10001,0.00000,0.00000,0.00000,0.00000,0.00000,0.00000,5,0.05323,0.00000,0.00000,0.00000,0.34907,0.00000,1500.0,1500.0,1561.0,1500.0,1500.0,0.0,1100.0,0.00000,0.00000,0.00000,0.00000,0.00000
13.70509,0,1.35013,0.10001,449.47815,188.17186,0.00000,0.00000,0.00000,0.00000,0.00000,-1.30900,0.00000,0.00000,0.00000,-0.34952,-1.30411,0.00000,0.00000,0.00000,0.00000,0.00000,0.00000,-0.10001,0.00000,0.00000,0.00000,0.00000,0.00000,0.00000,5,0.05323,0.00000,0.00000,0.00000,0.34907,0.00000,1500.0,1500.0,1561.0,1500.0,1500.0,0.0,1100.0,0.00000,0.00000,0.00000,0.00000,0.00000
13.80583,0,1.35013,0.10001,449.47815,188.17186,0.00000,0.00000,0.00000,0.00000,0.00000,-1.30900,0.00000,0.00000,0.00000,-0.34952,-1.30411,0.00000,0.00000,0.00000,0.00000,0.00000,0.00000,-0.10001,0.00000,0.00000,0.00000,0.00000,0.00000,0.00000,5,0.05323,0.00000,0.00000,0.00000,0.34907,0.00000,1500.0,1500.0,1561.0,1500.0,1500.0,0.0,1100.0,0.00000,0.00000,0.00000,0.00000,0.00000
13.90657,0,1.35013,0.10001,449.47815,188.17186,0.00000,0.00000,0.00000,0.00000,0.00000,-1.30900,0.00000,0.00000,0.00000,-0.34952,-1.30411,0.00000,0.00000,0.00000,0.00000,0.00000,0.00000,-0.10001,0.00000,0.00000,0.00000,0.00000,0.00000,0.00000,5,0.05323,0.00000,0.00000,0.00000,0.34907,0.00000,1500.0,1500.0,1561.0,1500.0,1500.0,0.0,1100.0,0.00000,0.00000,0.00000,0.00000,0.00000
14.00731,0,1.35013,0.10001,449.47815,188.17186,0.00000,0.00000,0.00000,0.00000,0.00000,-1.30900,0.00000,0.00000,0.00000,-0.34952,-1.30411,0.00000,0.00000,0.00000,0.00000,0.00000,0.00000,-0.10001,0.00000,0.00000,0.00000,0.00000,0.00000,0.00000,5,0.05323,0.00000,0.00000,0.00000,0.34907,0.00000,1500.0,1500.0,1561.0,1500.0,1500.0,0.0,1100.0,0.00000,0.00000,0.00000,0.00000,0.00000
14.10805,0,1.35013,0.10001,449.47815,188.17186,0.00000,0.00000,0.00000,0.00000,0.00000,-1.30900,0.00000,0.00000,0.00000,-0.34952,-1.30411,0.00000,0.00000,0.00000,0.00000,0.00000,0.00000,-0.10001,0.00000,0.00000,0.00000,0.00000,0.00000,0.00000,5,0.05323,0.00000,0.00000,0.00000,0.34907,0.00000,1500.0,1500.0,1561.0,1500.0,1500.0,0.0,1100.0,0.00000,0.00000,0.00000,0.00000,0.00000
14.20879,0,1.35013,0.10001,449.47815,188.17186,0.00000,0.00000,0.00000,0.00000,0.00000,-1.30900,0.00000,0.00000,0.00000,-0.34952,-1.30411,0.00000,0.00000,0.00000,0.00000,0.00000,0.00000,-0.10001,0.00000,0.00000,0.00000,0.00000,0.00000,0.00000,5,0.05323,0.00000,0.00000,0.00000,0.34907,0.00000,1500.0,1500.0,1561.0,1500.0,1500.0,0.0,1100.0,0.00000,0.00000,0.00000,0.00000,0.00000
14.30953,0,1.35013,0.10001,449.47815,188.17186,0.00000,0.00000,0.00000,0.00000,0.00000,-1.30900,0.00000,0.00000,0.00000,-0.34952,-1.30411,0.00000,0.00000,0.00000,0.00000,0.00000,0.00000,-0.10001,0.00000,0.00000,0.00000,0.00000,0.00000,0.00000,5,0.05323,0.00000,0.00000,0.00000,0.34907,0.00000,1500.0,1500.0,1561.0,1500.0,1500.0,0.0,1100.0,0.00000,0.00000,0.00000,0.00000,0.00000
14.41027,0,1.35013,0.10001,449.47815,188.17186,0.00000,0.00000,0.00000,0.00000,0.00000,-1.30900,0.00000,0.00000,0.00000,-0.34952,-1.30411,0.00000,0.00000,0.00000,0.00000,0.00000,0.00000,-0.10001,0.00000,0.00000,0.00000,0.00000,0.00000,0.00000,5,0.05323,0.00000,0.00000,0.00000,0.34907,0.00000,1500.0,1500.0,1561.0,1500.0,1500.0,0.0,1100.0,0.00000,0.00000,0.00000,0.00000,0.00000
14.51101,0,1.35013,0.10001,449.47815,188.17186,0.00000,0.00000,0.00000,0.00000,0.00000,-1.30900,0.00000,0.00000,0.00000,-0.34952,-1.30411,0.00000,0.00000,0.00000,0.00000,0.00000,0.00000,-0.10001,0.00000,0.00000,0.00000,0.00000,0.00000,0.00000,5,0.05323,0.00000,0.00000,0.00000,0.34907,0.00000,1500.0,1500.0,1561.0,1500.0,1500.0,0.0,1100.0,0.00000,0.00000,0.00000,0.00000,0.00000
14.61175,0,1.35013,0.10001,449.47815,188.17186,0.00000,0.00000,0.00000,0.00000,0.00000,-1.30900,0.00000,0.00000,0.00000,-0.34952,-1.30411,0.00000,0.00000,0.00000,0.00000,0.00000,0.00000,-0.10001,0.00000,0.00000,0.00000,0.00000,0.00000,0.00000,5,0.05323,0.00000,0.00000,0.00000,0.34907,0.00000,1500.0,1500.0,1561.0,1500.0,1500.0,0.0,1100.0,0.00000,0.00000,0.00000,0.00000,0.00000
14.71249,0,1.35013,0.10001,449.47815,188.17186,0.00000,0.00000,0.00000,0.00000,0.00000,-1.30900,0.00000,0.00000,0.00000,-0.34952,-1.30411,0.00000,0.00000,0.00000,0.00000,0.00000,0.00000,-0.10001,0.00000,0.00000,0.00000,0.00000,0.00000,0.00000,5,0.05323,0.00000,0.00000,0.00000,0.34907,0.00000,1500.0,1500.0,1561.0,1500.0,1500.0,0.0,1100.0,0.00000,0.00000,0.00000,0.00000,0.00000
14.81323,0,1.35013,0.10001,449.47815,188.17186,0.00000,0.00000,0.00000,0.00000,0.00000,-1.30900,0.00000,0.00000,0.00000,-0.34952,-1.30411,0.00000,0.00000,0.00000,0.00000,0.00000,0.00000,-0.10001,0.00000,0.00000,0.00000,0.00000,0.00000,0.00000,5,0.05323,0.00000,0.00000,0.00000,0.34907,0.00000,1500.0,1500.0,1561.0,1500.0,1500.0,0.0,1100.0,0.00000,0.00000,0.00000,0.00000,0.00000
14.91397,0,1.35013,0.10001,449.47815,188.17186,0.00000,0.00000,0.00000,0.00000,0.00000,-1.30900,0.00000,0.00000,0.00000,-0.34952,-1.30411,0.00000,0.00000,0.00000,0.00000,0.00000,0.00000,-0.10001,0.00000,0.00000,0.00000,0.00000,0.00000,0.00000,5,0.05323,0.00000,0.00000,0.00000,0.34907,0.00000,1500.0,1500.0,1561.0,1500.0,1500.0,0.0,1100.0,0.00000,0.00000,0.00000,0.00000,0.00000
15.01471,0,1.35013,0.10001,449.47815,188.17186,0.00000,0.00000,0.00000,0.00000,0.00000,-1.30900,0.00000,0.00000,0.00000,-0.34952,-1.30411,0.00000,0.00000,0.00000,0.00000,0.00000,0.00000,-0.10001,0.00000,0.00000,0.00000,0.00000,0.00000,0.00000,5,0.05323,0.00000,0.00000,0.00000,0.34907,0.00000,1500.0,1500.0,1561.0,1500.0,1500.0,0.0,1100.0,0.00000,0.00000,0.00000,0.00000,0.00000
15.11545,0,1.35013,0.10001,449.47815,188.17186,0.00000,0.00000,0.00000,0.00000,0.00000,-1.30900,0.00000,0.00000,0.00000,-0.34952,-1.30411,0.00000,0.00000,0.00000,0.00000,0.00000,0.00000,-0.10001,0.00000,0.00000,0.00000,0.00000,0.00000,0.00000,5,0.05323,0.00000,0.00000,0.00000,0.34907,0.00000,1500.0,1500.0,1561.0,1500.0,1500.0,0.0,1100.0,0.00000,0.00000,0.00000,0.00000,0.00000
15.21619,0,1.35013,0.10001,449.47815,188.17186,0.00000,0.00000,0.00000,0.00000,0.00000,-1.30900,0.00000,0.00000,0.00000,-0.34952,-1.30411,0.00000,0.00000,0.00000,0.00000,0.00000,0.00000,-0.10001,0.00000,0.00000,0.00000,0.00000,0.00000,0.00000,5,0.05323,0.00000,0.00000,0.00000,0.34907,0.00000,1500.0,1500.0,1561.0,1500.0,1500.0,0.0,1100.0,0.00000,0.00000,0.00000,0.00000,0.00000
15.31693,0,1.35013,0.10001,449.47815,188.17186,0.00000,0.00000,0.00000,0.00000,0.00000,-1.30900,0.00000,0.00000,0.00000,-0.34952,-1.30411,0.00000,0.00000,0.00000,0.00000,0.00000,0.00000,-0.10001,0.00000,0.00000,0.00000,0.00000,0.00000,0.00000,5,0.05323,0.00000,0.00000,0.00000,0.34907,0.00000,1500.0,1500.0,1561.0,1500.0,1500.0,0.0,1100.0,0.00000,0.00000,0.00000,0.00000,0.00000
15.41767,0,1.35013,0.10001,449.47815,188.17186,0.00000,0.00000,0.00000,0.00000,0.00000,-1.30900,0.00000,0.00000,0.00000,-0.34952,-1.30411,0.00000,0.00000,0.00000,0.00000,0.00000,0.00000,-0.10001,0.00000,0.00000,0.00000,0.00000,0.00000,0.00000,5,0.05323,0.00000,0.00000,0.00000,0.34907,0.00000,1500.0,1500.0,1561.0,1500.0,1500.0,0.0,1100.0,0.00000,0.00000,0.00000,0.00000,0.00000
15.51840,0,1.35013,0.10001,449.47815,188.17186,0.00000,0.00000,0.00000,0.00000,0.00000,-1.30900,0.00000,0.00000,0.00000,-0.34952,-1.30411,0.00000,0.00000,0.00000,0.00000,0.00000,0.00000,-0.10001,0.00000,0.00000,0.00000,0.00000,0.00000,0.00000,5,0.05323,0.00000,0.00000,0.00000,0.34907,0.00000,1500.0,1500.0,1561.0,1500.0,1500.0,0.0,1100.0,0.00000,0.00000,0.00000,0.00000,0.00000
15.61914,0,1.35013,0.10001,449.47815,188.17186,0.00000,0.00000,0.00000,0.00000,0.00000,-1.30900,0.00000,0.00000,0.00000,-0.34952,-1.30411,0.00000,0.00000,0.00000,0.00000,0.00000,0.00000,-0.10001,0.00000,0.00000,0.00000,0.00000,0.00000,0.00000,5,0.05323,0.00000,0.00000,0.00000,0.34907,0.00000,1500.0,1500.0,1561.0,1500.0,1500.0,0.0,1100.0,0.00000,0.00000,0.00000,0.00000,0.00000
15.71988,0,1.35013,0.10001,449.47815,188.17186,0.00000,0.00000,0.00000,0.00000,0.00000,-1.30900,0.00000,0.00000,0.00000,-0.34952,-1.30411,0.00000,0.00000,0.00000,0.00000,0.00000,0.00000,-0.10001,0.00000,0.00000,0.00000,0.00000,0.00000,0.00000,5,0.05323,0.00000,0.00000,0.00000,0.34907,0.00000,1500.0,1500.0,1561.0,1500.0,1500.0,0.0,1100.0,0.00000,0.00000,0.00000,0.00000,0.00000
15.82062,0,1.35013,0.10001,449.47815,188.17186,0.00000,0.00000,0.00000,0.00000,0.00000,-1.30900,0.00000,0.00000,0.00000,-0.34952,-1.30411,0.00000,0.00000,0.00000,0.00000,0.00000,0.00000,-0.10001,0.00000,0.00000,0.00000,0.00000,0.00000,0.00000,5,0.05323,0.00000,0.00000,0.00000,0.34907,0.00000,1500.0,1500.0,1561.0,1500.0,1500.0,0.0,1100.0,0.00000,0.00000,0.00000,0.00000,0.00000
15.92136,0,1.35013,0.10001,449.47815,188.17186,0.00000,0.00000,0.00000,0.00000,0.00000,-1.30900,0.00000,0.00000,0.00000,-0.34952,-1.30411,0.00000,0.00000,0.00000,0.00000,0.00000,0.00000,-0.10001,0.00000,0.00000,0.00000,0.00000,0.00000,0.00000,5,0.05323,0.00000,0.00000,0.00000,0.34907,0.00000,1500.0,1500.0,1561.0,1500.0,1500.0,0.0,1100.0,0.00000,0.00000,0.00000,0.00000,0.00000
16.02213,0,1.35013,0.10001,449.47815,188.17186,0.00000,0.00000,0.00000,0.00000,0.00000,-1.30900,0.00000,0.00000,0.00000,-0.34952,-1.30411,0.00000,0.00000,0.00000,0.00000,0.00000,0.00000,-0.10001,0.00000,0.00000,0.00000,0.00000,0.00000,0.00000,5,0.05323,0.00000,0.00000,0.00000,0.34907,0.00000,1500.0,1500.0,1561.0,1500.0,1500.0,0.0,1100.0,0.00000,0.00000,0.00000,0.00000,0.00000
16.12298,0,1.35013,0.10001,449.47815,188.17186,0.00000,0.00000,0.00000,0.00000,0.00000,-1.30900,0.00000,0.00000,0.00000,-0.34952,-1.30411,0.00000,0.00000,0.00000,0.00000,0.00000,0.00000,-0.10001,0.00000,0.00000,0.00000,0.00000,0.00000,0.00000,5,0.05323,0.00000,0.00000,0.00000,0.34907,0.00000,1500.0,1500.0,1561.0,1500.0,1500.0,0.0,1100.0,0.00000,0.00000,0.00000,0.00000,0.00000
16.22384,0,1.35013,0.10001,449.47815,188.17186,0.00000,0.00000,0.00000,0.00000,0.00000,-1.30900,0.00000,0.00000,0.00000,-0.34952,-1.30411,0.00000,0.00000,0.00000,0.00000,0.00000,0.00000,-0.10001,0.00000,0.00000,0.00000,0.00000,0.00000,0.00000,5,0.05323,0.00000,0.00000,0.00000,0.34907,0.00000,1500.0,1500.0,1561.0,1500.0,1500.0,0.0,1100.0,0.00000,0.00000,0.00000,0.00000,0.00000
16.32469,0,1.35013,0.10001,449.47815,188.17186,0.00000,0.00000,0.00000,0.00000,0.00000,-1.30900,0.00000,0.00000,0.00000,-0.34952,-1.30411,0.00000,0.00000,0.00000,0.00000,0.00000,0.00000,-0.10001,0.00000,0.00000,0.00000,0.00000,0.00000,0.00000,5,0.05323,0.00000,0.00000,0.00000,0.34907,0.00000,1500.0,1500.0,1561.0,1500.0,1500.0,0.0,1100.0,0.00000,0.00000,0.00000,0.00000,0.00000
16.42555,0,1.35013,0.10001,449.47815,188.17186,0.00000,0.00000,0.00000,0.00000,0.00000,-1.30900,0.00000,0.00000,0.00000,-0.34952,-1.30411,0.00000,0.00000,0.00000,0.00000,0.00000,0.00000,-0.10001,0.00000,0.00000,0.00000,0.00000,0.00000,0.00000,5,0.05323,0.00000,0.00000,0.00000,0.34907,0.00000,1500.0,1500.0,1561.0,1500.0,1500.0,0.0,1100.0,0.00000,0.00000,0.00000,0.00000,0.00000
16.52640,0,1.35013,0.10001,449.47815,188.17186,0.00000,0.00000,0.00000,0.00000,0.00000,-1.30900,0.00000,0.00000,0.00000,-0.34952,-1.30411,0.00000,0.00000,0.00000,0.00000,0.00000,0.00000,-0.10001,0.00000,0.00000,0.00000,0.00000,0.00000,0.00000,5,0.05323,0.00000,0.00000,0.00000,0.34907,0.00000,1500.0,1500.0,1561.0,1500.0,1500.0,0.0,1100.0,0.00000,0.00000,0.00000,0.00000,0.00000
16.62726,0,1.35013,0.10001,449.47815,188.17186,0.00000,0.00000,0.00000,0.00000,0.00000,-1.30900,0.00000,0.00000,0.00000,-0.34952,-1.30411,0.00000,0.00000,0.00000,0.00000,0.00000,0.00000,-0.10001,0.00000,0.00000,0.00000,0.00000,0.00000,0.00000,5,0.05323,0.00000,0.00000,0.00000,0.34907,0.00000,1500.0,1500.0,1561.0,1500.0,1500.0,0.0,1100.0,0.00000,0.00000,0.00000,0.00000,0.00000
16.72811,0,1.35013,0.10001,449.47815,188.17186,0.00000,0.00000,0.00000,0.00000,0.00000,-1.30900,0.00000,0.00000,0.00000,-0.34952,-1.30411,0.00000,0.00000,0.00000,0.00000,0.00000,0.00000,-0.10001,0.00000,0.00000,0.00000,0.00000,0.00000,0.00000,5,0.05323,0.00000,0.00000,0.00000,0.34907,0.00000,1500.0,1500.0,1561.0,1500.0,1500.0,0.0,1100.0,0.00000,0.00000,0.00000,0.00000,0.00000
16.82897,0,1.35013,0.10001,449.47815,188.17186,0.00000,0.00000,0.00000,0.00000,0.00000,-1.30900,0.00000,0.00000,0.00000,-0.34952,-1.30411,0.00000,0.00000,0.00000,0.00000,0.00000,0.00000,-0.10001,0.00000,0.00000,0.00000,0.00000,0.00000,0.00000,5,0.05323,0.00000,0.00000,0.00000,0.34907,0.00000,1500.0,1500.0,1561.0,1500.0,1500.0,0.0,1100.0,0.00000,0.00000,0.00000,0.00000,0.00000
16.92982,0,1.35013,0.10001,449.47815,188.17186,0.00000,0.00000,0.00000,0.00000,0.00000,-1.30900,0.00000,0.00000,0.00000,-0.34952,-1.30411,0.00000,0.00000,0.00000,0.00000,0.00000,0.00000,-0.10001,0.00000,0.00000,0.00000,0.00000,0.00000,0.00000,5,0.05323,0.00000,0.00000,0.00000,0.34907,0.00000,1500.0,1500.0,1561.0,1500.0,1500.0,0.0,1100.0,0.00000,0.00000,0.00000,0.00000,0.00000
17.03068,0,1.35013,0.10001,449.47815,188.17186,0.00000,0.00000,0.00000,0.00000,0.00000,-1.30900,0.00000,0.00000,0.00000,-0.34952,-1.30411,0.00000,0.00000,0.00000,0.00000,0.00000,0.00000,-0.10001,0.00000,0.00000,0.00000,0.00000,0.00000,0.00000,5,0.05323,0.00000,0.00000,0.00000,0.34907,0.00000,1500.0,1500.0,1561.0,1500.0,1500.0,0.0,1100.0,0.00000,0.00000,0.00000,0.00000,0.00000
17.13153,0,1.35013,0.10001,449.47815,188.17186,0.00000,0.00000,0.00000,0.00000,0.00000,-1.30900,0.00000,0.00000,0.00000,-0.34952,-1.30411,0.00000,0.00000,0.00000,0.00000,0.00000,0.00000,-0.10001,0.00000,0.00000,0.00000,0.00000,0.00000,0.00000,5,0.05323,0.00000,0.00000,0.00000,0.34907,0.00000,1500.0,1500.0,1561.0,1500.0,1500.0,0.0,1100.0,0.00000,0.00000,0.00000,0.00000,0.00000
17.23239,0,1.35013,0.10001,449.47815,188.17186,0.00000,0.00000,0.00000,0.00000,0.00000,-1.30900,0.00000,0.00000,0.00000,-0.34952,-1.30411,0.00000,0.00000,0.00000,0.00000,0.00000,0.00000,-0.10001,0.00000,0.00000,0.00000,0.00000,0.00000,0.00000,5,0.05323,0.00000,0.00000,0.00000,0.34907,0.00000,1500.0,1500.0,1561.0,1500.0,1500.0,0.0,1100.0,0.00000,0.00000,0.00000,0.00000,0.00000
17.33324,0,1.35013,0.10001,449.47815,188.17186,0.00000,0.00000,0.00000,0.00000,0.00000,-1.30900,0.00000,0.00000,0.00000,-0.34952,-1.30411,0.00000,0.00000,0.00000,0.00000,0.00000,0.00000,-0.10001,0.00000,0.00000,0.00000,0.00000,0.00000,0.00000,5,0.05323,0.00000,0.00000,0.00000,0.34907,0.00000,1500.0,1500.0,1561.0,1500.0,1500.0,0.0,1100.0,0.00000,0.00000,0.00000,0.00000,0.00000
17.43410,0,1.35013,0.10001,449.47815,188.17186,0.00000,0.00000,0.00000,0.00000,0.00000,-1.30900,0.00000,0.00000,0.00000,-0.34952,-1.30411,0.00000,0.00000,0.00000,0.00000,0.00000,0.00000,-0.10001,0.00000,0.00000,0.00000,0.00000,0.00000,0.00000,5,0.05323,0.00000,0.00000,0.00000,0.34907,0.00000,1500.0,1500.0,1561.0,1500.0,1500.0,0.0,1100.0,0.00000,0.00000,0.00000,0.00000,0.00000
17.53495,0,1.35013,0.10001,449.47815,188.17186,0.00000,0.00000,0.00000,0.00000,0.00000,-1.30900,0.00000,0.00000,0.00000,-0.34952,-1.30411,0.00000,0.00000,0.00000,0.00000,0.00000,0.00000,-0.10001,0.00000,0.00000,0.00000,0.00000,0.00000,0.00000,5,0.05323,0.00000,0.00000,0.00000,0.34907,0.00000,1500.0,1500.0,1561.0,1500.0,1500.0,0.0,1100.0,0.00000,0.00000,0.00000,0.00000,0.00000
17.63581,0,1.35013,0.10001,449.47815,188.17186,0.00000,0.00000,0.00000,0.00000,0.00000,-1.30900,0.00000,0.00000,0.00000,-0.34952,-1.30411,0.00000,0.00000,0.00000,0.00000,0.00000,0.00000,-0.10001,0.00000,0.00000,0.00000,0.00000,0.00000,0.00000,5,0.05323,0.00000,0.00000,0.00000,0.34907,0.00000,1500.0,1500.0,1561.0,1500.0,1500.0,0.0,1100.0,0.00000,0.00000,0.00000,0.00000,0.00000
17.73666,0,1.35013,0.10001,449.47815,188.17186,0.00000,0.00000,0.00000,0.00000,0.00000,-1.30900,0.00000,0.00000,0.00000,-0.34952,-1.30411,0.00000,0.00000,0.00000,0.00000,0.00000,0.00000,-0.10001,0.00000,0.00000,0.00000,0.00000,0.00000,0.00000,5,0.05323,0.00000,0.00000,0.00000,0.34907,0.00000,1500.0,1500.0,1561.0,1500.0,1500.0,0.0,1100.0,0.00000,0.00000,0.00000,0.00000,0.00000
17.83751,0,1.35013,0.10001,449.47815,188.17186,0.00000,0.00000,0.00000,0.00000,0.00000,-1.30900,0.00000,0.00000,0.00000,-0.34952,-1.30411,0.00000,0.00000,0.00000,0.00000,0.00000,0.00000,-0.10001,0.00000,0.00000,0.00000,0.00000,0.00000,0.00000,5,0.05323,0.00000,0.00000,0.00000,0.34907,0.00000,1500.0,1500.0,1561.0,1500.0,1500.0,0.0,1100.0,0.00000,0.00000,0.00000,0.00000,0.00000
17.93837,0,1.35013,0.10001,449.47815,188.17186,0.00000,0.00000,0.00000,0.00000,0.00000,-1.30900,0.00000,0.00000,0.00000,-0.34952,-1.30411,0.00000,0.00000,0.00000,0.00000,0.00000,0.00000,-0.10001,0.00000,0.00000,0.00000,0.00000,0.00000,0.00000,5,0.05323,0.00000,0.00000,0.00000,0.34907,0.00000,1500.0,1500.0,1561.0,1500.0,1500.0,0.0,1100.0,0.00000,0.00000,0.00000,0.00000,0.00000
18.03922,0,1.35013,0.10001,449.47815,188.17186,0.00000,0.00000,0.00000,0.00000,0.00000,-1.30900,0.00000,0.00000,0.00000,-0.34952,-1.30411,0.00000,0.00000,0.00000,0.00000,0.00000,0.00000,-0.10001,0.00000,0.00000,0.00000,0.00000,0.00000,0.00000,5,0.05323,0.00000,0.00000,0.00000,0.34907,0.00000,1500.0,1500.0,1561.0,1500.0,1500.0,0.0,1100.0,0.00000,0.00000,0.00000,0.00000,0.00000
18.14008,0,1.35013,0.10001,449.47815,188.17186,0.00000,0.00000,0.00000,0.00000,0.00000,-1.30900,0.00000,0.00000,0.00000,-0.34952,-1.30411,0.00000,0.00000,0.00000,0.00000,0.00000,0.00000,-0.10001,0.00000,0.00000,0.00000,0.00000,0.00000,0.00000,5,0.05323,0.00000,0.00000,0.00000,0.34907,0.00000,1500.0,1500.0,1561.0,1500.0,1500.0,0.0,1100.0,0.00000,0.00000,0.00000,0.00000,0.00000
18.24093,0,1.35013,0.10001,449.47815,188.17186,0.00000,0.00000,0.00000,0.00000,0.00000,-1.30900,0.00000,0.00000,0.00000,-0.34952,-1.30411,0.00000,0.00000,0.00000,0.00000,0.00000,0.00000,-0.10001,0.00000,0.00000,0.00000,0.00000,0.00000,0.00000,5,0.05323,0.00000,0.00000,0.00000,0.34907,0.00000,1500.0,1500.0,1561.0,1500.0,1500.0,0.0,1100.0,0.00000,0.00000,0.00000,0.00000,0.00000
18.34179,0,1.35013,0.10001,449.47815,188.17186,0.00000,0.00000,0.00000,0.00000,0.00000,-1.30900,0.00000,0.00000,0.00000,-0.34952,-1.30411,0.00000,0.00000,0.00000,0.00000,0.00000,0.00000,-0.10001,0.00000,0.00000,0.00000,0.00000,0.00000,0.00000,5,0.05323,0.00000,0.00000,0.00000,0.34907,0.00000,1500.0,1500.0,1561.0,1500.0,1500.0,0.0,1100.0,0.00000,0.00000,0.00000,0.00000,0.00000
18.44264,0,1.35013,0.10001,449.47815,188.17186,0.00000,0.00000,0.00000,0.00000,0.00000,-1.30900,0.00000,0.00000,0.00000,-0.34952,-1.30411,0.00000,0.00000,0.00000,0.00000,0.00000,0.00000,-0.10001,0.00000,0.00000,0.00000,0.00000,0.00000,0.00000,5,0.05323,0.00000,0.00000,0.00000,0.34907,0.00000,1500.0,1500.0,1561.0,1500.0,1500.0,0.0,1100.0,0.00000,0.00000,0.00000,0.00000,0.00000
18.54350,0,1.35013,0.10001,449.47815,188.17186,0.00000,0.00000,0.00000,0.00000,0.00000,-1.30900,0.00000,0.00000,0.00000,-0.34952,-1.30411,0.00000,0.00000,0.00000,0.00000,0.00000,0.00000,-0.10001,0.00000,0.00000,0.00000,0.00000,0.00000,0.00000,5,0.05323,0.00000,0.00000,0.00000,0.34907,0.00000,1500.0,1500.0,1561.0,1500.0,1500.0,0.0,1100.0,0.00000,0.00000,0.00000,0.00000,0.00000
18.64435,0,1.35013,0.10001,449.47815,188.17186,0.00000,0.00000,0.00000,0.00000,0.00000,-1.30900,0.00000,0.00000,0.00000,-0.34952,-1.30411,0.00000,0.00000,0.00000,0.00000,0.00000,0.00000,-0.10001,0.00000,0.00000,0.00000,0.00000,0.00000,0.00000,5,0.05323,0.00000,0.00000,0.00000,0.34907,0.00000,1500.0,1500.0,1561.0,1500.0,1500.0,0.0,1100.0,0.00000,0.00000,0.00000,0.00000,0.00000
18.74521,0,1.35013,0.10001,449.47815,188.17186,0.00000,0.00000,0.00000,0.00000,0.00000,-1.30900,0.00000,0.00000,0.00000,-0.34952,-1.30411,0.00000,0.00000,0.00000,0.00000,0.00000,0.00000,-0.10001,0.00000,0.00000,0.00000,0.00000,0.00000,0.00000,5,0.05323,0.00000,0.00000,0.00000,0.34907,0.00000,1500.0,1500.0,1561.0,1500.0,1500.0,0.0,1100.0,0.00000,0.00000,0.00000,0.00000,0.00000
18.84606,0,1.35013,0.10001,449.47815,188.17186,0.00000,0.00000,0.00000,0.00000,0.00000,-1.30900,0.00000,0.00000,0.00000,-0.34952,-1.30411,0.00000,0.00000,0.00000,0.00000,0.00000,0.00000,-0.10001,0.00000,0.00000,0.00000,0.00000,0.00000,0.00000,5,0.05323,0.00000,0.00000,0.00000,0.34907,0.00000,1500.0,1500.0,1561.0,1500.0,1500.0,0.0,1100.0,0.00000,0.00000,0.00000,0.00000,0.00000
18.94692,0,1.35013,0.10001,449.47815,188.17186,0.00000,0.00000,0.00000,0.00000,0.00000,-1.30900,0.00000,0.00000,0.00000,-0.34952,-1.30411,0.00000,0.00000,0.00000,0.00000,0.00000,0.00000,-0.10001,0.00000,0.00000,0.00000,0.00000,0.00000,0.00000,5,0.05323,0.00000,0.00000,0.00000,0.34907,0.00000,1500.0,1500.0,1561.0,1500.0,1500.0,0.0,1100.0,0.00000,0.00000,0.00000,0.00000,0.00000
19.04777,0,1.35013,0.10001,449.47815,188.17186,0.00000,0.00000,0.00000,0.00000,0.00000,-1.30900,0.00000,0.00000,0.00000,-0.34952,-1.30411,0.00000,0.00000,0.00000,0.00000,0.00000,0.00000,-0.10001,0.00000,0.00000,0.00000,0.00000,0.00000,0.00000,5,0.05323,0.00000,0.00000,0.00000,0.34907,0.00000,1500.0,1500.0,1561.0,1500.0,1500.0,0.0,1100.0,0.00000,0.00000,0.00000,0.00000,0.00000
19.14863,0,1.35013,0.10001,449.47815,188.17186,0.00000,0.00000,0.00000,0.00000,0.00000,-1.30900,0.00000,0.00000,0.00000,-0.34952,-1.30411,0.00000,0.00000,0.00000,0.00000,0.00000,0.00000,-0.10001,0.00000,0.00000,0.00000,0.00000,0.00000,0.00000,5,0.05323,0.00000,0.00000,0.00000,0.34907,0.00000,1500.0,1500.0,1561.0,1500.0,1500.0,0.0,1100.0,0.00000,0.00000,0.00000,0.00000,0.00000
19.24948,0,1.35013,0.10001,449.47815,188.17186,0.00000,0.00000,0.00000,0.00000,0.00000,-1.30900,0.00000,0.00000,0.00000,-0.34952,-1.30411,0.00000,0.00000,0.00000,0.00000,0.00000,0.00000,-0.10001,0.00000,0.00000,0.00000,0.00000,0.00000,0.00000,5,0.05323,0.00000,0.00000,0.00000,0.34907,0.00000,1500.0,1500.0,1561.0,1500.0,1500.0,0.0,1100.0,0.00000,0.00000,0.00000,0.00000,0.00000
19.35034,0,1.35013,0.10001,449.47815,188.17186,0.00000,0.00000,0.00000,0.00000,0.00000,-1.30900,0.00000,0.00000,0.00000,-0.34952,-1.30411,0.00000,0.00000,0.00000,0.00000,0.00000,0.00000,-0.10001,0.00000,0.00000,0.00000,0.00000,0.00000,0.00000,5,0.05323,0.00000,0.00000,0.00000,0.34907,0.00000,1500.0,1500.0,1561.0,1500.0,1500.0,0.0,1100.0,0.00000,0.00000,0.00000,0.00000,0.00000
19.45119,0,1.35013,0.10001,449.47815,188.17186,0.00000,0.00000,0.00000,0.00000,0.00000,-1.30900,0.00000,0.00000,0.00000,-0.34952,-1.30411,0.00000,0.00000,0.00000,0.00000,0.00000,0.00000,-0.10001,0.00000,0.00000,0.00000,0.00000,0.00000,0.00000,5,0.05323,0.00000,0.00000,0.00000,0.34907,0.00000,1500.0,1500.0,1561.0,1500.0,1500.0,0.0,1100.0,0.00000,0.00000,0.00000,0.00000,0.00000
19.55205,0,1.35013,0.10001,449.47815,188.17186,0.00000,0.00000,0.00000,0.00000,0.00000,-1.30900,0.00000,0.00000,0.00000,-0.34952,-1.30411,0.00000,0.00000,0.00000,0.00000,0.00000,0.00000,-0.10001,0.00000,0.00000,0.00000,0.00000,0.00000,0.00000,5,0.05323,0.00000,0.00000,0.00000,0.34907,0.00000,1500.0,1500.0,1561.0,1500.0,1500.0,0.0,1100.0,0.00000,0.00000,0.00000,0.00000,0.00000
19.65290,0,1.35013,0.10001,449.47815,188.17186,0.00000,0.00000,0.00000,0.00000,0.00000,-1.30900,0.00000,0.00000,0.00000,-0.34952,-1.30411,0.00000,0.00000,0.00000,0.00000,0.00000,0.00000,-0.10001,0.00000,0.00000,0.00000,0.00000,0.00000,0.00000,5,0.05323,0.00000,0.00000,0.00000,0.34907,0.00000,1500.0,1500.0,1561.0,1500.0,1500.0,0.0,1100.0,0.00000,0.00000,0.00000,0.00000,0.00000
19.75376,0,1.35013,0.10001,449.47815,188.17186,0.00000,0.00000,0.00000,0.00000,0.00000,-1.30900,0.00000,0.00000,0.00000,-0.34952,-1.30411,0.00000,0.00000,0.00000,0.00000,0.00000,0.00000,-0.10001,0.00000,0.00000,0.00000,0.00000,0.00000,0.00000,5,0.05323,0.00000,0.00000,0.00000,0.34907,0.00000,1500.0,1500.0,1561.0,1500.0,1500.0,0.0,1100.0,0.00000,0.00000,0.00000,0.00000,0.00000
19.85461,0,1.35013,0.10001,449.47815,188.17186,0.00000,0.00000,0.00000,0.00000,0.00000,-1.30900,0.00000,0.00000,0.00000,-0.34952,-1.30411,0.00000,0.00000,0.00000,0.00000,0.00000,0.00000,-0.10001,0.00000,0.00000,0.00000,0.00000,0.00000,0.00000,5,0.05323,0.00000,0.00000,0.00000,0.34907,0.00000,1500.0,1500.0,1561.0,1500.0,1500.0,0.0,1100.0,0.00000,0.00000,0.00000,0.00000,0.00000
19.95547,0,1.35013,0.10001,449.47815,188.17186,0.00000,0.00000,0.00000,0.00000,0.00000,-1.30900,0.00000,0.00000,0.00000,-0.34952,-1.30411,0.00000,0.00000,0.00000,0.00000,0.00000,0.00000,-0.10001,0.00000,0.00000,0.00000,0.00000,0.00000,0.00000,5,0.05323,0.00000,0.00000,0.00000,0.34907,0.00000,1500.0,1500.0,1561.0,1500.0,1500.0,0.0,1100.0,0.00000,0.00000,0.00000,0.00000,0.00000
20.05632,0,1.35013,0.10001,449.47815,188.17186,0.00000,0.00000,0.00000,0.00000,0.00000,-1.30900,0.00000,0.00000,0.00000,-0.34952,-1.30411,0.00000,0.00000,0.00000,0.00000,0.00000,0.00000,-0.10001,0.00000,0.00000,0.00000,0.00000,0.00000,0.00000,5,0.05323,0.00000,0.00000,0.00000,0.34907,0.00000,1500.0,1500.0,1561.0,1500.0,1500.0,0.0,1100.0,0.00000,0.00000,0.00000,0.00000,0.00000
20.15718,0,1.35013,0.10001,449.47815,188.17186,0.00000,0.00000,0.00000,0.00000,0.00000,-1.30900,0.00000,0.00000,0.00000,-0.34952,-1.30411,0.00000,0.00000,0.00000,0.00000,0.00000,0.00000,-0.10001,0.00000,0.00000,0.00000,0.00000,0.00000,0.00000,5,0.05323,0.00000,0.00000,0.00000,0.34907,0.00000,1500.0,1500.0,1561.0,1500.0,1500.0,0.0,1100.0,0.00000,0.00000,0.00000,0.00000,0.00000
20.25803,0,1.35013,0.10001,449.47815,188.17186,0.00000,0.00000,0.00000,0.00000,0.00000,-1.30900,0.00000,0.00000,0.00000,-0.34952,-1.30411,0.00000,0.00000,0.00000,0.00000,0.00000,0.00000,-0.10001,0.00000,0.00000,0.00000,0.00000,0.00000,0.00000,5,0.05323,0.00000,0.00000,0.00000,0.34907,0.00000,1500.0,1500.0,1561.0,1500.0,1500.0,0.0,1100.0,0.00000,0.00000,0.00000,0.00000,0.00000
20.35889,0,1.35013,0.10001,449.47815,188.17186,0.00000,0.00000,0.00000,0.00000,0.00000,-1.30900,0.00000,0.00000,0.00000,-0.34952,-1.30411,0.00000,0.00000,0.00000,0.00000,0.00000,0.00000,-0.10001,0.00000,0.00000,0.00000,0.00000,0.00000,0.00000,5,0.05323,0.00000,0.00000,0.00000,0.34907,0.00000,1500.0,1500.0,1561.0,1500.0,1500.0,0.0,1100.0,0.00000,0.00000,0.00000,0.00000,0.00000
20.45974,0,1.35013,0.10001,449.47815,188.17186,0.00000,0.00000,0.00000,0.00000,0.00000,-1.30900,0.00000,0.00000,0.00000,-0.34952,-1.30411,0.00000,0.00000,0.00000,0.00000,0.00000,0.00000,-0.10001,0.00000,0.00000,0.00000,0.00000,0.00000,0.00000,5,0.05323,0.00000,0.00000,0.00000,0.34907,0.00000,1500.0,1500.0,1561.0,1500.0,1500.0,0.0,1100.0,0.00000,0.00000,0.00000,0.00000,0.00000
20.56060,0,1.35013,0.10001,449.47815,188.17186,0.00000,0.00000,0.00000,0.00000,0.00000,-1.30900,0.00000,0.00000,0.00000,-0.34952,-1.30411,0.00000,0.00000,0.00000,0.00000,0.00000,0.00000,-0.10001,0.00000,0.00000,0.00000,0.00000,0.00000,0.00000,5,0.05323,0.00000,0.00000,0.00000,0.34907,0.00000,1500.0,1500.0,1561.0,1500.0,1500.0,0.0,1100.0,0.00000,0.00000,0.00000,0.00000,0.00000
20.66145,0,1.35013,0.10001,449.47815,188.17186,0.00000,0.00000,0.00000,0.00000,0.00000,-1.30900,0.00000,0.00000,0.00000,-0.34952,-1.30411,0.00000,0.00000,0.00000,0.00000,0.00000,0.00000,-0.10001,0.00000,0.00000,0.00000,0.00000,0.00000,0.00000,5,0.05323,0.00000,0.00000,0.00000,0.34907,0.00000,1500.0,1500.0,1561.0,1500.0,1500.0,0.0,1100.0,0.00000,0.00000,0.00000,0.00000,0.00000
20.76231,0,1.35013,0.10001,449.47815,188.17186,0.00000,0.00000,0.00000,0.00000,0.00000,-1.30900,0.00000,0.00000,0.00000,-0.34952,-1.30411,0.00000,0.00000,0.00000,0.00000,0.00000,0.00000,-0.10001,0.00000,0.00000,0.00000,0.00000,0.00000,0.00000,5,0.05323,0.00000,0.00000,0.00000,0.34907,0.00000,1500.0,1500.0,1561.0,1500.0,1500.0,0.0,1100.0,0.00000,0.00000,0.00000,0.00000,0.00000
20.86316,0,1.35013,0.10001,449.47815,188.17186,0.00000,0.00000,0.00000,0.00000,0.00000,-1.30900,0.00000,0.00000,0.00000,-0.34952,-1.30411,0.00000,0.00000,0.00000,0.00000,0.00000,0.00000,-0.10001,0.00000,0.00000,0.00000,0.00000,0.00000,0.00000,5,0.05323,0.00000,0.00000,0.00000,0.34907,0.00000,1500.0,1500.0,1561.0,1500.0,1500.0,0.0,1100.0,0.00000,0.00000,0.00000,0.00000,0.00000
20.96402,0,1.35013,0.10001,449.47815,188.17186,0.00000,0.00000,0.00000,0.00000,0.00000,-1.30900,0.00000,0.00000,0.00000,-0.34952,-1.30411,0.00000,0.00000,0.00000,0.00000,0.00000,0.00000,-0.10001,0.00000,0.00000,0.00000,0.00000,0.00000,0.00000,5,0.05323,0.00000,0.00000,0.00000,0.34907,0.00000,1500.0,1500.0,1561.0,1500.0,1500.0,0.0,1100.0,0.00000,0.00000,0.00000,0.00000,0.00000
21.06487,0,1.35013,0.10001,449.47815,188.17186,0.00000,0.00000,0.00000,0.00000,0.00000,-1.30900,0.00000,0.00000,0.00000,-0.34952,-1.30411,0.00000,0.00000,0.00000,0.00000,0.00000,0.00000,-0.10001,0.00000,0.00000,0.00000,0.00000,0.00000,0.00000,5,0.05323,0.00000,0.00000,0.00000,0.34907,0.00000,1500.0,1500.0,1561.0,1500.0,1500.0,0.0,1100.0,0.00000,0.00000,0.00000,0.00000,0.00000
21.16573,0,1.35013,0.10001,449.47815,188.17186,0.00000,0.00000,0.00000,0.00000,0.00000,-1.30900,0.00000,0.00000,0.00000,-0.34952,-1.30411,0.00000,0.00000,0.00000,0.00000,0.00000,0.00000,-0.10001,0.00000,0.00000,0.00000,0.00000,0.00000,0.00000,5,0.05323,0.00000,0.00000,0.00000,0.34907,0.00000,1500.0,1500.0,1561.0,1500.0,1500.0,0.0,1100.0,0.00000,0.00000,0.00000,0.00000,0.00000
21.26658,0,1.35013,0.10001,449.47815,188.17186,0.00000,0.00000,0.00000,0.00000,0.00000,-1.30900,0.00000,0.00000,0.00000,-0.34952,-1.30411,0.00000,0.00000,0.00000,0.00000,0.00000,0.00000,-0.10001,0.00000,0.00000,0.00000,0.00000,0.00000,0.00000,5,0.05323,0.00000,0.00000,0.00000,0.34907,0.00000,1500.0,1500.0,1561.0,1500.0,1500.0,0.0,1100.0,0.00000,0.00000,0.00000,0.00000,0.00000
21.36744,0,1.35013,0.10001,449.47815,188.17186,0.00000,0.00000,0.00000,0.00000,0.00000,-1.30900,0.00000,0.00000,0.00000,-0.34952,-1.30411,0.00000,0.00000,0.00000,0.00000,0.00000,0.00000,-0.10001,0.00000,0.00000,0.00000,0.00000,0.00000,0.00000,5,0.05323,0.00000,0.00000,0.00000,0.34907,0.00000,1500.0,1500.0,1561.0,1500.0,1500.0,0.0,1100.0,0.00000,0.00000,0.00000,0.00000,0.00000
21.46829,0,1.35013,0.10001,449.47815,188.17186,0.00000,0.00000,0.00000,0.00000,0.00000,-1.30900,0.00000,0.00000,0.00000,-0.34952,-1.30411,0.00000,0.00000,0.00000,0.00000,0.00000,0.00000,-0.10001,0.00000,0.00000,0.00000,0.00000,0.00000,0.00000,5,0.05323,0.00000,0.00000,0.00000,0.34907,0.00000,1500.0,1500.0,1561.0,1500.0,1500.0,0.0,1100.0,0.00000,0.00000,0.00000,0.00000,0.00000
21.56915,0,1.35013,0.10001,449.47815,188.17186,0.00000,0.00000,0.00000,0.00000,0.00000,-1.30900,0.00000,0.00000,0.00000,-0.34952,-1.30411,0.00000,0.00000,0.00000,0.00000,0.00000,0.00000,-0.10001,0.00000,0.00000,0.00000,0.00000,0.00000,0.00000,5,0.05323,0.00000,0.00000,0.00000,0.34907,0.00000,1500.0,1500.0,1561.0,1500.0,1500.0,0.0,1100.0,0.00000,0.00000,0.00000,0.00000,0.00000
21.67000,0,1.35013,0.10001,449.47815,188.17186,0.00000,0.00000,0.00000,0.00000,0.00000,-1.30900,0.00000,0.00000,0.00000,-0.34952,-1.30411,0.00000,0.00000,0.00000,0.00000,0.00000,0.00000,-0.10001,0.00000,0.00000,0.00000,0.00000,0.00000,0.00000,5,0.05323,0.00000,0.00000,0.00000,0.34907,0.00000,1500.0,1500.0,1561.0,1500.0,1500.0,0.0,1100.0,0.00000,0.00000,0.00000,0.00000,0.00000
21.77085,0,1.35013,0.10001,449.47815,188.17186,0.00000,0.00000,0.00000,0.00000,0.00000,-1.30900,0.00000,0.00000,0.00000,-0.34952,-1.30411,0.00000,0.00000,0.00000,0.00000,0.00000,0.00000,-0.10001,0.00000,0.00000,0.00000,0.00000,0.00000,0.00000,5,0.05323,0.00000,0.00000,0.00000,0.34907,0.00000,1500.0,1500.0,1561.0,1500.0,1500.0,0.0,1100.0,0.00000,0.00000,0.00000,0.00000,0.00000
21.87171,0,1.35013,0.10001,449.47815,188.17186,0.00000,0.00000,0.00000,0.00000,0.00000,-1.30900,0.00000,0.00000,0.00000,-0.34952,-1.30411,0.00000,0.00000,0.00000,0.00000,0.00000,0.00000,-0.10001,0.00000,0.00000,0.00000,0.00000,0.00000,0.00000,5,0.05323,0.00000,0.00000,0.00000,0.34907,0.00000,1500.0,1500.0,1561.0,1500.0,1500.0,0.0,1100.0,0.00000,0.00000,0.00000,0.00000,0.00000
21.97256,0,1.35013,0.10001,449.47815,188.17186,0.00000,0.00000,0.00000,0.00000,0.00000,-1.30900,0.00000,0.00000,0.00000,-0.34952,-1.30411,0.00000,0.00000,0.00000,0.00000,0.00000,0.00000,-0.10001,0.00000,0.00000,0.00000,0.00000,0.00000,0.00000,5,0.05323,0.00000,0.00000,0.00000,0.34907,0.00000,1500.0,1500.0,1561.0,1500.0,1500.0,0.0,1100.0,0.00000,0.00000,0.00000,0.00000,0.00000
22.07342,0,1.35013,0.10001,449.47815,188.17186,0.00000,0.00000,0.00000,0.00000,0.00000,-1.30900,0.00000,0.00000,0.00000,-0.34952,-1.30411,0.00000,0.00000,0.00000,0.00000,0.00000,0.00000,-0.10001,0.00000,0.00000,0.00000,0.00000,0.00000,0.00000,5,0.05323,0.00000,0.00000,0.00000,0.34907,0.00000,1500.0,1500.0,1561.0,1500.0,1500.0,0.0,1100.0,0.00000,0.00000,0.00000,0.00000,0.00000
22.17427,0,1.35013,0.10001,449.47815,188.17186,0.00000,0.00000,0.00000,0.00000,0.00000,-1.30900,0.00000,0.00000,0.00000,-0.34952,-1.30411,0.00000,0.00000,0.00000,0.00000,0.00000,0.00000,-0.10001,0.00000,0.00000,0.00000,0.00000,0.00000,0.00000,5,0.05323,0.00000,0.00000,0.00000,0.34907,0.00000,1500.0,1500.0,1561.0,1500.0,1500.0,0.0,1100.0,0.00000,0.00000,0.00000,0.00000,0.00000
22.27513,0,1.35013,0.10001,449.47815,188.17186,0.00000,0.00000,0.00000,0.00000,0.00000,-1.30900,0.00000,0.00000,0.00000,-0.34952,-1.30411,0.00000,0.00000,0.00000,0.00000,0.00000,0.00000,-0.10001,0.00000,0.00000,0.00000,0.00000,0.00000,0.00000,5,0.05323,0.00000,0.00000,0.00000,0.34907,0.00000,1500.0,1500.0,1561.0,1500.0,1500.0,0.0,1100.0,0.00000,0.00000,0.00000,0.00000,0.00000
22.37598,0,1.35013,0.10001,449.47815,188.17186,0.00000,0.00000,0.00000,0.00000,0.00000,-1.30900,0.00000,0.00000,0.00000,-0.34952,-1.30411,0.00000,0.00000,0.00000,0.00000,0.00000,0.00000,-0.10001,0.00000,0.00000,0.00000,0.00000,0.00000,0.00000,5,0.05323,0.00000,0.00000,0.00000,0.34907,0.00000,1500.0,1500.0,1561.0,1500.0,1500.0,0.0,1100.0,0.00000,0.00000,0.00000,0.00000,0.00000
22.47684,0,1.35013,0.10001,449.47815,188.17186,0.00000,0.00000,0.00000,0.00000,0.00000,-1.30900,0.00000,0.00000,0.00000,-0.34952,-1.30411,0.00000,0.00000,0.00000,0.00000,0.00000,0.00000,-0.10001,0.00000,0.00000,0.00000,0.00000,0.00000,0.00000,5,0.05323,0.00000,0.00000,0.00000,0.34907,0.00000,1500.0,1500.0,1561.0,1500.0,1500.0,0.0,1100.0,0.00000,0.00000,0.00000,0.00000,0.00000
22.57769,0,1.35013,0.10001,449.47815,188.17186,0.00000,0.00000,0.00000,0.00000,0.00000,-1.30900,0.00000,0.00000,0.00000,-0.34952,-1.30411,0.00000,0.00000,0.00000,0.00000,0.00000,0.00000,-0.10001,0.00000,0.00000,0.00000,0.00000,0.00000,0.00000,5,0.05323,0.00000,0.00000,0.00000,0.34907,0.00000,1500.0,1500.0,1561.0,1500.0,1500.0,0.0,1100.0,0.00000,0.00000,0.00000,0.00000,0.00000
22.67855,0,1.35013,0.10001,449.47815,188.17186,0.00000,0.00000,0.00000,0.00000,0.00000,-1.30900,0.00000,0.00000,0.00000,-0.34952,-1.30411,0.00000,0.00000,0.00000,0.00000,0.00000,0.00000,-0.10001,0.00000,0.00000,0.00000,0.00000,0.00000,0.00000,5,0.05323,0.00000,0.00000,0.00000,0.34907,0.00000,1500.0,1500.0,1561.0,1500.0,1500.0,0.0,1100.0,0.00000,0.00000,0.00000,0.00000,0.00000
22.77940,0,1.35013,0.10001,449.47815,188.17186,0.00000,0.00000,0.00000,0.00000,0.00000,-1.30900,0.00000,0.00000,0.00000,-0.34952,-1.30411,0.00000,0.00000,0.00000,0.00000,0.00000,0.00000,-0.10001,0.00000,0.00000,0.00000,0.00000,0.00000,0.00000,5,0.05323,0.00000,0.00000,0.00000,0.34907,0.00000,1500.0,1500.0,1561.0,1500.0,1500.0,0.0,1100.0,0.00000,0.00000,0.00000,0.00000,0.00000
22.88026,0,1.35013,0.10001,449.47815,188.17186,0.00000,0.00000,0.00000,0.00000,0.00000,-1.30900,0.00000,0.00000,0.00000,-0.34952,-1.30411,0.00000,0.00000,0.00000,0.00000,0.00000,0.00000,-0.10001,0.00000,0.00000,0.00000,0.00000,0.00000,0.00000,5,0.05323,0.00000,0.00000,0.00000,0.34907,0.00000,1500.0,1500.0,1561.0,1500.0,1500.0,0.0,1100.0,0.00000,0.00000,0.00000,0.00000,0.00000
22.98111,0,1.35013,0.10001,449.47815,188.17186,0.00000,0.00000,0.00000,0.00000,0.00000,-1.30900,0.00000,0.00000,0.00000,-0.34952,-1.30411,0.00000,0.00000,0.00000,0.00000,0.00000,0.00000,-0.10001,0.00000,0.00000,0.00000,0.00000,0.00000,0.00000,5,0.05323,0.00000,0.00000,0.00000,0.34907,0.00000,1500.0,1500.0,1561.0,1500.0,1500.0,0.0,1100.0,0.00000,0.00000,0.00000,0.00000,0.00000
23.08197,0,1.35013,0.10001,449.47815,188.17186,0.00000,0.00000,0.00000,0.00000,0.00000,-1.30900,0.00000,0.00000,0.00000,-0.34952,-1.30411,0.00000,0.00000,0.00000,0.00000,0.00000,0.00000,-0.10001,0.00000,0.00000,0.00000,0.00000,0.00000,0.00000,5,0.05323,0.00000,0.00000,0.00000,0.34907,0.00000,1500.0,1500.0,1561.0,1500.0,1500.0,0.0,1100.0,0.00000,0.00000,0.00000,0.00000,0.00000
23.18282,0,1.35013,0.10001,449.47815,188.17186,0.00000,0.00000,0.00000,0.00000,0.00000,-1.30900,0.00000,0.00000,0.00000,-0.34952,-1.30411,0.00000,0.00000,0.00000,0.00000,0.00000,0.00000,-0.10001,0.00000,0.00000,0.00000,0.00000,0.00000,0.00000,5,0.05323,0.00000,0.00000,0.00000,0.34907,0.00000,1500.0,1500.0,1561.0,1500.0,1500.0,0.0,1100.0,0.00000,0.00000,0.00000,0.00000,0.00000
23.28368,0,1.35013,0.10001,449.47815,188.17186,0.00000,0.00000,0.00000,0.00000,0.00000,-1.30900,0.00000,0.00000,0.00000,-0.34952,-1.30411,0.00000,0.00000,0.00000,0.00000,0.00000,0.00000,-0.10001,0.00000,0.00000,0.00000,0.00000,0.00000,0.00000,5,0.05323,0.00000,0.00000,0.00000,0.34907,0.00000,1500.0,1500.0,1561.0,1500.0,1500.0,0.0,1100.0,0.00000,0.00000,0.00000,0.00000,0.00000
23.38453,0,1.35013,0.10001,449.47815,188.17186,0.00000,0.00000,0.00000,0.00000,0.00000,-1.30900,0.00000,0.00000,0.00000,-0.34952,-1.30411,0.00000,0.00000,0.00000,0.00000,0.00000,0.00000,-0.10001,0.00000,0.00000,0.00000,0.00000,0.00000,0.00000,5,0.05323,0.00000,0.00000,0.00000,0.34907,0.00000,1500.0,1500.0,1561.0,1500.0,1500.0,0.0,1100.0,0.00000,0.00000,0.00000,0.00000,0.00000
23.48539,0,1.35013,0.10001,449.47815,188.17186,0.00000,0.00000,0.00000,0.00000,0.00000,-1.30900,0.00000,0.00000,0.00000,-0.34952,-1.30411,0.00000,0.00000,0.00000,0.00000,0.00000,0.00000,-0.10001,0.00000,0.00000,0.00000,0.00000,0.00000,0.00000,5,0.05323,0.00000,0.00000,0.00000,0.34907,0.00000,1500.0,1500.0,1561.0,1500.0,1500.0,0.0,1100.0,0.00000,0.00000,0.00000,0.00000,0.00000
23.58624,0,1.35013,0.10001,449.47815,188.17186,0.00000,0.00000,0.00000,0.00000,0.00000,-1.30900,0.00000,0.00000,0.00000,-0.34952,-1.30411,0.00000,0.00000,0.00000,0.00000,0.00000,0.00000,-0.10001,0.00000,0.00000,0.00000,0.00000,0.00000,0.00000,5,0.05323,0.00000,0.00000,0.00000,0.34907,0.00000,1500.0,1500.0,1561.0,1500.0,1500.0,0.0,1100.0,0.00000,0.00000,0.00000,0.00000,0.00000
23.68710,0,1.35013,0.10001,449.47815,188.17186,0.00000,0.00000,0.00000,0.00000,0.00000,-1.30900,0.00000,0.00000,0.00000,-0.34952,-1.30411,0.00000,0.00000,0.00000,0.00000,0.00000,0.00000,-0.10001,0.00000,0.00000,0.00000,0.00000,0.00000,0.00000,5,0.05323,0.00000,0.00000,0.00000,0.34907,0.00000,1500.0,1500.0,1561.0,1500.0,1500.0,0.0,1100.0,0.00000,0.00000,0.00000,0.00000,0.00000
23.78795,0,1.35013,0.10001,449.47815,188.17186,0.00000,0.00000,0.00000,0.00000,0.00000,-1.30900,0.00000,0.00000,0.00000,-0.34952,-1.30411,0.00000,0.00000,0.00000,0.00000,0.00000,0.00000,-0.10001,0.00000,0.00000,0.00000,0.00000,0.00000,0.00000,5,0.05323,0.00000,0.00000,0.00000,0.34907,0.00000,1500.0,1500.0,1561.0,1500.0,1500.0,0.0,1100.0,0.00000,0.00000,0.00000,0.00000,0.00000
23.88881,0,1.35013,0.10001,449.47815,188.17186,0.00000,0.00000,0.00000,0.00000,0.00000,-1.30900,0.00000,0.00000,0.00000,-0.34952,-1.30411,0.00000,0.00000,0.00000,0.00000,0.00000,0.00000,-0.10001,0.00000,0.00000,0.00000,0.00000,0.00000,0.00000,5,0.05323,0.00000,0.00000,0.00000,0.34907,0.00000,1500.0,1500.0,1561.0,1500.0,1500.0,0.0,1100.0,0.00000,0.00000,0.00000,0.00000,0.00000
23.98966,0,1.35013,0.10001,449.47815,188.17186,0.00000,0.00000,0.00000,0.00000,0.00000,-1.30900,0.00000,0.00000,0.00000,-0.34952,-1.30411,0.00000,0.00000,0.00000,0.00000,0.00000,0.00000,-0.10001,0.00000,0.00000,0.00000,0.00000,0.00000,0.00000,5,0.05323,0.00000,0.00000,0.00000,0.34907,0.00000,1500.0,1500.0,1561.0,1500.0,1500.0,0.0,1100.0,0.00000,0.00000,0.00000,0.00000,0.00000
24.09052,0,1.35013,0.10001,449.47815,188.17186,0.00000,0.00000,0.00000,0.00000,0.00000,-1.30900,0.00000,0.00000,0.00000,-0.34952,-1.30411,0.00000,0.00000,0.00000,0.00000,0.00000,0.00000,-0.10001,0.00000,0.00000,0.00000,0.00000,0.00000,0.00000,5,0.05323,0.00000,0.00000,0.00000,0.34907,0.00000,1500.0,1500.0,1561.0,1500.0,1500.0,0.0,1100.0,0.00000,0.00000,0.00000,0.00000,0.00000
24.19137,0,1.35013,0.10001,449.47815,188.17186,0.00000,0.00000,0.00000,0.00000,0.00000,-1.30900,0.00000,0.00000,0.00000,-0.34952,-1.30411,0.00000,0.00000,0.00000,0.00000,0.00000,0.00000,-0.10001,0.00000,0.00000,0.00000,0.00000,0.00000,0.00000,5,0.05323,0.00000,0.00000,0.00000,0.34907,0.00000,1500.0,1500.0,1561.0,1500.0,1500.0,0.0,1100.0,0.00000,0.00000,0.00000,0.00000,0.00000
24.29223,0,1.35013,0.10001,449.47815,188.17186,0.00000,0.00000,0.00000,0.00000,0.00000,-1.30900,0.00000,0.00000,0.00000,-0.34952,-1.30411,0.00000,0.00000,0.00000,0.00000,0.00000,0.00000,-0.10001,0.00000,0.00000,0.00000,0.00000,0.00000,0.00000,5,0.05323,0.00000,0.00000,0.00000,0.34907,0.00000,1500.0,1500.0,1561.0,1500.0,1500.0,0.0,1100.0,0.00000,0.00000,0.00000,0.00000,0.00000
24.39308,0,1.35013,0.10001,449.47815,188.17186,0.00000,0.00000,0.00000,0.00000,0.00000,-1.30900,0.00000,0.00000,0.00000,-0.34952,-1.30411,0.00000,0.00000,0.00000,0.00000,0.00000,0.00000,-0.10001,0.00000,0.00000,0.00000,0.00000,0.00000,0.00000,5,0.05323,0.00000,0.00000,0.00000,0.34907,0.00000,1500.0,1500.0,1561.0,1500.0,1500.0,0.0,1100.0,0.00000,0.00000,0.00000,0.00000,0.00000
24.49394,0,1.35013,0.10001,449.47815,188.17186,0.00000,0.00000,0.00000,0.00000,0.00000,-1.30900,0.00000,0.00000,0.00000,-0.34952,-1.30411,0.00000,0.00000,0.00000,0.00000,0.00000,0.00000,-0.10001,0.00000,0.00000,0.00000,0.00000,0.00000,0.00000,5,0.05323,0.00000,0.00000,0.00000,0.34907,0.00000,1500.0,1500.0,1561.0,1500.0,1500.0,0.0,1100.0,0.00000,0.00000,0.00000,0.00000,0.00000
24.59479,0,1.35013,0.10001,449.47815,188.17186,0.00000,0.00000,0.00000,0.00000,0.00000,-1.30900,0.00000,0.00000,0.00000,-0.34952,-1.30411,0.00000,0.00000,0.00000,0.00000,0.00000,0.00000,-0.10001,0.00000,0.00000,0.00000,0.00000,0.00000,0.00000,5,0.05323,0.00000,0.00000,0.00000,0.34907,0.00000,1500.0,1500.0,1561.0,1500.0,1500.0,0.0,1100.0,0.00000,0.00000,0.00000,0.00000,0.00000
24.69565,0,1.35013,0.10001,449.47815,188.17186,0.00000,0.00000,0.00000,0.00000,0.00000,-1.30900,0.00000,0.00000,0.00000,-0.34952,-1.30411,0.00000,0.00000,0.00000,0.00000,0.00000,0.00000,-0.10001,0.00000,0.00000,0.00000,0.00000,0.00000,0.00000,5,0.05323,0.00000,0.00000,0.00000,0.34907,0.00000,1500.0,1500.0,1561.0,1500.0,1500.0,0.0,1100.0,0.00000,0.00000,0.00000,0.00000,0.00000
